id,uuid,picklist_category_id,name,short_name,code_name,parent_picklist_id,sort_value,read_only,is_default,is_disable,creation_datetime,last_update,is_system,status,is_cust_entity_picklist,cust_entity_id,cust_entity_data_id,is_auto
11023,1c43575f-fa45-4eaa-9976-668d2870dd46,291,Escalation Closed,,ESCALATION_CLOSED,,0,1,0,0,2017-08-24 03:44:49,2025-11-10 03:03:19.354654,True,1,False,,,
11028,593a5438-3b8f-429e-a090-1cfc95c3c169,290,Automotive,,,,0,,0,0,2015-08-17 12:26:40.496,2015-08-17 12:26:40.496,True,1,False,,,
11035,5cb171b1-bdd6-4621-bed2-bf4feb8348c8,297,Home,,,,0,,0,0,2015-09-18 15:36:57,2025-11-10 03:03:08.793606,True,1,False,,,
11036,5e5e6f26-5cea-41f1-aeae-93ff75892f0d,297,Mobile,,,,0,,0,0,2015-09-18 15:37:42,2025-11-10 03:03:08.798279,True,1,False,,,
11037,a45dfdab-39fa-4a42-adcc-8d95525204f7,297,Business,,,,0,,0,0,2015-09-18 15:37:59,2025-11-10 03:03:08.803025,True,1,False,,,
11038,76640d11-a8b1-43a1-924b-41c4a0fea76e,298,Personal,,,,0,,0,0,2015-09-18 15:38:31,2025-11-10 03:03:08.819399,True,1,False,,,
11039,b0581e8c-2a13-429a-bd89-1730c9f9cabc,298,Business,,,,0,,0,0,2015-09-18 15:39:03,2025-11-10 03:03:08.825171,True,1,False,,,
11041,b8c5a07a-a49d-45d6-ace1-be67446daed7,292,Indition Call Center CRM,,,,0,,0,0,2015-09-10 19:26:08,2025-11-10 03:03:08.689937,True,1,False,,,
11046,644a984d-6455-41fc-b269-486484578cf2,290,Banking,,,,0,,0,0,2015-08-17 12:26:40.496,2015-08-17 12:26:40.496,True,1,False,,,
11047,f79f007d-95e6-4882-bbdb-cf6305994b9a,290,Broadcasting,,,,0,,0,0,2015-08-17 12:26:40.496,2015-08-17 12:26:40.496,True,1,False,,,
11048,39fd84c5-0823-40f8-82fd-3e9aff5be2de,290,Call Centers,,,,0,,0,0,2015-08-17 12:26:40.496,2015-08-17 12:26:40.496,True,1,False,,,
11049,cdfe5e69-7375-4613-ad34-d00af3128b6e,290,Chemical,,,,0,,0,0,2015-08-17 12:26:40.496,2015-08-17 12:26:40.496,True,1,False,,,
11050,241fb5c1-d13a-47b4-a2c6-a9449f4a7e27,290,Computer,,,,0,,0,0,2015-08-17 12:26:40.496,2015-08-17 12:26:40.496,True,1,False,,,
11051,625af4f6-e43a-4dd0-9457-3d3fd6aa360d,290,Cosmetics,,,,0,,0,0,2015-08-17 12:26:40.496,2015-08-17 12:26:40.496,True,1,False,,,
11052,89fd046a-e600-45e6-8e37-756ea565e619,290,Department Stores,,,,0,,0,0,2015-08-17 12:26:40.496,2015-08-17 12:26:40.496,True,1,False,,,
11054,ad4d81e4-1bcf-44df-a8cb-acaa3e7e71fd,290,Education,,,,0,,0,0,2015-08-17 12:26:40.496,2015-08-17 12:26:40.496,True,1,False,,,
11055,8fba60ab-ea2a-4acd-b4c8-4825af4ea4ad,290,Entertainment,,,,0,,0,0,2015-08-17 12:26:40.496,2015-08-17 12:26:40.496,True,1,False,,,
11056,0d6c96cb-4cbf-4413-b31c-aee4432c9eb0,288,0-10,,,,1,,0,0,2015-08-17 12:26:40,2025-11-10 03:03:08.401871,True,1,False,,,
11063,f0cde9ee-472a-4137-8c6f-42926d703296,295,0%-20%,,,,1,,0,0,2015-09-14 13:41:02,2025-11-10 03:03:08.754462,True,1,False,,,
11064,6155f40f-015e-4e00-9c15-41eda81e32df,290,Agriculture,,,,0,,0,0,2015-08-17 12:26:40.496,2015-08-17 12:26:40.496,True,1,False,,,
11065,3a6ab73c-9cc5-44a1-90d9-1c5be5ec9e7c,290,Apparel & Accessories,,,,0,,0,0,2015-08-17 12:26:40.496,2015-08-17 12:26:40.496,True,1,False,,,
11066,49b209fc-2b44-4bee-a54e-d4123837d915,290,Consulting,,,,0,,0,0,2015-08-17 12:26:40.496,2015-08-17 12:26:40.496,True,1,False,,,
11067,c1169f59-5256-4730-a13e-c37e45540598,290,Electronics,,,,0,,0,0,2015-08-17 12:26:40.496,2015-08-17 12:26:40.496,True,1,False,,,
11068,d9436f18-5dea-425b-b0e4-60b0f319c2cb,290,Food,,,,0,,0,0,2015-08-17 12:26:40.496,2015-08-17 12:26:40.496,True,1,False,,,
11069,940f5df6-316a-48bd-b2b7-48568dd11c03,290,Health Care,,,,0,,0,0,2015-08-17 12:26:40.496,2015-08-17 12:26:40.496,True,1,False,,,
11070,38310769-b269-45cd-8930-d361dd074e63,290,Investment Banking,,,,0,,0,0,2015-08-17 12:26:40.496,2015-08-17 12:26:40.496,True,1,False,,,
11071,9c4fb0b4-2b7d-4e0d-9b4c-cf4afd5ec34b,290,Legal,,,,0,,0,0,2015-08-17 12:26:40.496,2015-08-17 12:26:40.496,True,1,False,,,
11072,3c952e83-7cde-4033-aae2-737800ba6562,290,Manufacturing,,,,0,,0,0,2015-08-17 12:26:40.496,2015-08-17 12:26:40.496,True,1,False,,,
11073,9cfbb478-75a8-456d-a523-143d9a1d93d7,290,Music,,,,0,,0,0,2015-08-17 12:26:40.496,2015-08-17 12:26:40.496,True,1,False,,,
11074,a5afe894-7eee-4a46-bfb2-12e34693827e,290,Real Estate,,,,0,,0,0,2015-08-17 12:26:40.496,2015-08-17 12:26:40.496,True,1,False,,,
11075,b6998cca-56fd-43f2-8497-84d3086bbe14,290,Retail & Wholesale,,,,0,,0,0,2015-08-17 12:26:40.496,2015-08-17 12:26:40.496,True,1,False,,,
11076,f67af4be-ad67-4716-9b0e-b98cb587c98a,290,Security,,,,0,,0,0,2015-08-17 12:26:40.496,2015-08-17 12:26:40.496,True,1,False,,,
11077,79f5fa65-fd78-44d4-82a6-570e087a97f5,290,Sports,,,,0,,0,0,2015-08-17 12:26:40.496,2015-08-17 12:26:40.496,True,1,False,,,
11078,792830dc-5aea-4740-bd13-aa5634cd20d7,290,Telecommunications,,,,0,,0,0,2015-08-17 12:26:40.496,2015-08-17 12:26:40.496,True,1,False,,,
11079,ccea35ca-fcac-4f18-a4f0-3fdea44afa71,290,Venture Capital,,,,0,,0,0,2015-08-17 12:26:40.496,2015-08-17 12:26:40.496,True,1,False,,,
11080,a315c1b2-d197-44a4-b2b3-b25a604189ca,299,Can Email,,,,0,,0,0,2015-09-18 15:39:03,2025-11-10 03:03:08.835959,True,1,False,,,
11081,86df8711-1df0-4502-9e70-52306cc92a23,299,Can Not Email,,,,0,,0,0,2015-09-18 15:39:03,2025-11-10 03:03:08.840483,True,1,False,,,
11082,0ec54442-2dac-4de4-bb14-9360edf4372b,300,Can Call,,,,0,,0,0,2015-09-18 15:39:03,2025-11-10 03:03:08.845304,True,1,False,,,
11083,4ba6e535-ed3c-43fa-a318-efbc4935b06e,300,Can Not Call,,,,0,,0,0,2015-09-18 15:39:03,2025-11-10 03:03:08.85015,True,1,False,,,
11084,ff0b341c-151a-426e-9e09-9b2c39bdf4c3,288,10-50,,,,2,,0,0,2015-08-17 12:26:40,2025-11-10 03:03:08.406199,True,1,False,,,
11085,fb58a605-7b8b-435b-9749-041e04be6118,288,50-100,,,,3,,0,0,2015-08-17 12:26:40,2025-11-10 03:03:08.410299,True,1,False,,,
11086,63b2e0df-8de0-4302-8434-3c630b9ba4f1,288,100-250,,,,4,,0,0,2015-08-17 12:26:40,2025-11-10 03:03:08.415393,True,1,False,,,
11087,95b68200-b2a0-4b3b-9407-e95679590df1,288,250-500,,,,5,,0,0,2015-08-17 12:26:40,2025-11-10 03:03:08.419527,True,1,False,,,
11088,b609bf6d-a970-4278-9557-689d4cf1da36,288,500-1000,,,,6,,0,0,2015-08-17 12:26:40,2025-11-10 03:03:08.423815,True,1,False,,,
11089,5939088a-0bc4-4965-9173-f6dea5548a8d,288,1000-5000,,,,7,,0,0,2015-08-17 12:26:40,2025-11-10 03:03:08.427642,True,1,False,,,
11090,760a0429-97d2-4ca9-b31e-1e5304326a15,288,5000-10000,,,,8,,0,0,2015-08-17 12:26:40,2025-11-10 03:03:08.431615,True,1,False,,,
11091,d943b890-8093-48e9-8873-db01ef871525,288,10000+,,,,9,,0,0,2015-08-17 12:26:40,2025-11-10 03:03:08.435961,True,1,False,,,
11092,2eaea7b1-6c7d-4522-ad2a-42c8f23128ea,286,dd/MM/yy,,,,2,,1,0,2015-08-17 12:26:40.496,2024-05-28 23:14:23.994281,True,1,False,,,
11093,5a21ae29-d01e-41c4-9f12-c48496760e2e,286,MM/dd/yy,,,,1,,0,0,2015-08-17 12:26:40.496,2024-04-01 01:24:50.172713,True,1,False,,,
11094,fb21b94d-ad6d-4bd1-bafc-02910a6cd550,287,(GMT+02:00) Bucharest,,,,33,,1,1,2015-08-17 12:26:40,2025-11-10 03:03:08.111179,True,0,False,,,
11095,8806c502-cbb7-4a9b-a1e6-a3d19e7bc3d3,295,21%-40%,,,,2,,0,0,2015-09-14 13:41:53,2025-11-10 03:03:08.759897,True,1,False,,,
11096,ff653834-50a9-4526-9880-79e6eb330747,295,41%-60%,,,,3,,0,0,2015-09-14 13:42:24,2025-11-10 03:03:08.764534,True,1,False,,,
11097,29131077-4d1f-477b-aa6f-2c0dee87fe11,295,61%-80%,,,,4,,0,0,2015-09-14 13:42:24,2025-11-10 03:03:08.769169,True,1,False,,,
11098,3278cfe1-ef51-4c80-8936-5006ba1df2aa,295,81%-100%,,,,5,,0,0,2015-09-14 13:42:24,2025-11-10 03:03:08.773578,True,1,False,,,
11099,31bbb052-c7ca-430e-b464-4029ab297dd4,301,Home,,,,0,,0,0,2015-08-17 12:26:40,2025-11-10 03:03:20.441471,True,1,False,,,
11100,24217b32-8409-4c26-826d-ecee0deaf552,301,Work,,,,0,,0,0,2015-08-17 12:26:40,2025-11-10 03:03:20.445251,False,1,False,,,
11107,e75e4d39-f805-49e1-84f1-4c78e17de5a0,290,Accounting,,,,0,,1,0,2015-08-17 12:26:40.496,2024-04-01 02:11:50.941571,True,1,False,,,
11108,4218f89d-f854-4104-a3ec-4ab2551aee17,290,Advertising and Marketing,,,,0,,0,0,2015-08-17 12:26:40.496,2015-08-17 12:26:40.496,True,1,False,,,
11109,005f0a95-20e2-4152-a815-13580830f656,290,Aerospace,,,,0,,0,0,2015-08-17 12:26:40.496,2024-03-22 03:24:19.428667,True,1,False,,,
11110,db9cc801-b469-4029-9d14-34ad5cd91794,302,India,,,,0,,0,0,2015-09-18 11:44:34,2025-04-14 12:03:49.384788,True,0,False,,,
11149,9d425f7a-a17a-47b2-aa08-6427e4b9d696,302,Australia,,,,0,,0,0,2015-08-17 12:26:40.496,2025-04-14 12:03:49.409511,True,0,False,,,
11175,f4f02807-4ba1-4ed6-a17a-52749e8d09d9,302,Germany,,,,0,,0,0,2015-08-17 12:26:40.496,2025-04-14 12:03:49.4033,True,0,False,,,
11180,0b1f1c25-7c13-4f84-ae97-276efb814d83,302,Ireland,,,,0,,0,0,2015-08-17 12:26:40.496,2025-04-14 12:03:49.395258,True,0,False,,,
11231,439bb016-eec4-4a29-8d62-06c5d1ebb3a9,302,United Kingdom,,,,0,,0,0,2015-08-17 12:26:40.496,2025-04-14 12:03:49.387132,True,0,False,,,
13252,73abdbe8-e4f1-460e-968f-dec27547e44c,302,Hong Kong,,,,0,,0,0,2015-08-17 12:26:40.496,2025-04-14 12:03:49.388742,True,0,False,,,
13253,3ee8505d-98ad-4db3-b910-e129e05d8705,302,Singapore,,,,0,,0,0,2015-08-17 12:26:40.496,2025-04-14 12:03:49.390274,True,0,False,,,
13254,eabfcff8-4cf4-412b-b5bd-929a38c42a9b,290,Pharmaceuticals,,,,0,,0,0,2015-08-17 12:26:40.496,2015-08-17 12:26:40.496,True,1,False,,,
13267,04679d89-4956-4987-bc7a-0adca8907bcf,297,Other,,,,0,1,0,0,2016-08-09 14:56:49,2025-11-10 03:03:08.807459,True,1,False,,,
13268,b6e25622-3ba9-420c-8463-ebc4055bc3f4,298,Other,,,,0,1,0,0,2016-08-09 14:56:49,2025-11-10 03:03:08.829818,True,1,False,,,
13269,e77800f2-7836-49a4-9393-23be5ee8235a,306,Low,,,,0,1,0,0,2016-09-02 10:02:25,2025-11-10 03:03:17.749175,True,1,False,,,
13270,1acd424f-bca2-4257-94f2-3549a79da86a,306,High,,,,0,1,0,0,2016-09-02 10:02:25,2025-11-10 03:03:17.753597,True,1,False,,,
13271,42fb4eb4-e086-4891-812f-377488ebf29a,306,Medium,,,,0,1,0,0,2016-09-02 10:02:25,2025-11-10 03:03:17.744418,True,1,False,,,
13272,9739cd11-6d40-4482-bf5b-980c2d2e23c3,305,Completed,,,,0,1,0,0,2016-09-02 10:02:25,2025-11-10 03:03:17.715055,True,1,False,,,
13284,49b78865-4ba6-4154-8fc3-0033c800f9c8,305,In Progress,,,,0,1,0,1,2016-09-02 10:02:25,2025-11-10 03:03:17.727487,True,1,False,,,
13286,2def82c5-a4a7-4435-a62c-40731606e251,304,Active,,,,0,0,0,0,2015-08-17 12:26:40,2025-11-10 03:03:17.704567,True,1,False,,,
13288,d60aff49-aa93-41d6-be28-7842c996b5b2,305,To Do,,,,0,1,0,0,2016-09-02 10:02:25,2025-11-10 03:03:17.731995,True,1,False,,,
13292,7850cd01-f01d-4797-9159-af923448684d,296,Won,,,,0,0,0,0,2015-09-28 12:26:40,2025-11-10 03:03:08.779448,True,1,False,,,
13293,674d88bd-63ff-4c17-857d-a798a57eb60a,296,In Progress,,,,0,0,0,0,2015-09-28 12:26:40,2025-11-10 03:03:08.783504,True,1,False,,,
13294,1588376d-f724-45fc-9f0a-adac9e3cd064,296,Lost,,,,0,0,0,0,2015-09-28 12:26:40.496,2015-09-28 12:26:40.496,True,1,False,,,
13300,ce9c2729-d786-445c-9008-6f49d738198e,304,Inactive,,,,0,0,0,0,2015-08-17 12:26:40,2025-11-10 03:03:17.7093,True,1,False,,,
13314,3bce6628-a2e2-4dcc-acbb-72548d8f3497,303,Alabama,AL,,13710,0,,0,0,2015-09-18 11:44:34,2025-11-10 03:03:17.432233,True,1,False,,,
13315,ef429cb8-6d2d-4694-8e37-03677190d4dc,303,Alaska,AK,,13710,0,,0,0,2015-09-18 11:44:34,2025-11-10 03:03:17.435596,True,1,False,,,
13316,21fc723f-45bc-4952-8800-9984f1ea4922,303,Arizona,AZ,,13710,0,,0,0,2015-09-18 11:44:34,2025-11-10 03:03:17.439515,True,1,False,,,
13317,d11a365f-3da7-4f66-b2f3-c3ec7d69b852,303,Arkansas,AR,,13710,0,,0,0,2015-09-18 11:44:34,2025-11-10 03:03:17.447689,True,1,False,,,
13318,1404ccf3-f5f8-47a8-a55e-da4720b1b63f,303,California,CA,,13710,0,,0,0,2015-09-18 11:44:34,2025-11-10 03:03:17.452344,True,1,False,,,
13319,3d3d64d2-d4ff-4853-9867-adc330a01294,303,Colorado,CO,,13710,0,,0,0,2015-09-18 11:44:34,2025-11-10 03:03:17.45583,True,1,False,,,
13320,9ff30b46-503e-43db-bf66-eedcd7f0b050,303,Connecticut,CT,,13710,0,,0,0,2015-09-18 11:44:34,2025-11-10 03:03:17.459805,True,1,False,,,
13321,1df25eae-d76a-4e6d-8593-21d290010b7f,303,District of Columbia,DC,,13710,0,,0,0,2015-09-18 11:44:34,2025-11-10 03:03:17.463783,True,1,False,,,
13322,bc9d9b95-ca41-4663-b69a-3741c16a7ef6,303,Florida,FL,,13710,0,,0,0,2015-09-18 11:44:34,2025-11-10 03:03:17.443496,True,1,False,,,
13323,5b35860a-fe31-453e-95b3-b76ded52e08a,303,Georgia,GA,,13710,0,,0,0,2015-09-18 11:44:34,2025-11-10 03:03:17.467286,True,1,False,,,
13325,251a47e3-1521-4601-97d9-e0571830335b,303,Hawaii,HI,,13710,0,,0,0,2015-09-18 11:44:34,2025-11-10 03:03:17.471064,True,1,False,,,
13326,f609ba28-bcbb-4c1b-927a-5808801344ef,303,Idaho,ID,,13710,0,,0,0,2015-09-18 11:44:34,2025-11-10 03:03:17.474296,True,1,False,,,
13327,e870fd59-36ca-4f19-b47f-919c34572e0c,303,Illinois,IL,,13710,0,,0,0,2015-09-18 11:44:34,2025-11-10 03:03:17.478083,True,1,False,,,
13328,c572da67-7b70-4a57-8c3b-e00340dce507,303,Indiana,IN,,13710,0,,0,0,2015-09-18 11:44:34,2025-11-10 03:03:17.481844,True,1,False,,,
13329,1d1c599c-fb4b-4318-be38-c18c992f727d,303,Iowa,IA,,13710,0,,0,0,2015-09-18 11:44:34,2025-11-10 03:03:17.485799,True,1,False,,,
13330,1f31a291-5950-43b4-8fbb-7865ffeeb0cc,303,Kansas,KS,,13710,0,,0,0,2015-09-18 11:44:34,2025-11-10 03:03:17.490697,True,1,False,,,
13331,460aa407-b4e3-4b1f-b795-cc8cd62eeb05,303,Kentucky,KY,,13710,0,,0,0,2015-09-18 11:44:34,2025-11-10 03:03:17.495242,True,1,False,,,
13332,18f27844-53e0-4af6-b7b9-a8e0ce68a01d,303,Louisiana,LA,,13710,0,,0,0,2015-09-18 11:44:34,2025-11-10 03:03:17.499765,True,1,False,,,
13333,9171628d-334a-4bd3-ba6d-52fb82f259dc,303,Maryland,MD,,13710,0,,0,0,2015-09-18 11:44:34,2025-11-10 03:03:17.504035,True,1,False,,,
13334,5d87b24a-9ed3-45bf-b0b1-2376baac46ac,303,Massachusetts,MA,,13710,0,,0,0,2015-09-18 11:44:34,2025-11-10 03:03:17.508009,True,1,False,,,
13335,33c22830-2216-4c87-9d62-a4ce60a01885,303,Michigan,MI,,13710,0,,0,0,2015-09-18 11:44:34,2025-11-10 03:03:17.512005,True,1,False,,,
13336,c07407b6-9adf-424e-9143-24886bdac144,303,Minnesota,MN,,13710,0,,0,0,2015-09-18 11:44:34,2025-11-10 03:03:17.515955,True,1,False,,,
13337,919d5a0d-1ee6-43b8-8432-194a082050cb,303,Mississippi,MS,,13710,0,,0,0,2015-09-18 11:44:34,2025-11-10 03:03:17.519988,True,1,False,,,
13338,e6de56a9-149e-44d6-b31d-3dcf7f94fdc6,303,Missouri,MO,,13710,0,,0,0,2015-09-18 11:44:34,2025-11-10 03:03:17.52367,True,1,False,,,
13339,3f590bbd-b76f-45a3-b2a8-4f36c6cad1f7,303,Montana,MT,,13710,0,,0,0,2015-09-18 11:44:34,2025-11-10 03:03:17.527187,True,1,False,,,
13340,80c12801-1dd7-4e1f-9021-7d04783ffe0c,303,Nebraska,NE,,13710,0,,0,0,2015-09-18 11:44:34,2025-11-10 03:03:17.530785,True,1,False,,,
13341,1f98eacd-6ebd-4fd8-94ad-b30b84d4e0f0,303,Nevada,NV,,13710,0,,0,0,2015-09-18 11:44:34,2025-11-10 03:03:17.53459,True,1,False,,,
13342,ce4c8866-7236-4c29-955d-03cb95a32227,303,Ohio,OH,,13710,0,,0,0,2015-09-18 11:44:34,2025-11-10 03:03:17.560236,True,1,False,,,
13343,a8fa0db2-6627-4511-b280-0d8321f3fb7d,303,New Hampshire,NH,,13710,0,,0,0,2015-09-18 11:44:34,2025-11-10 03:03:17.538245,True,1,False,,,
13344,856a8c12-37ff-4160-9bac-38c6786c7c20,303,New Jersey,NJ,,13710,0,,0,0,2015-09-18 11:44:34,2025-11-10 03:03:17.542757,True,1,False,,,
13345,0c4a3811-b85e-4a32-86e7-c9888dcdc4e4,303,New Mexico,NM,,13710,0,,0,0,2015-09-18 11:44:34,2025-11-10 03:03:17.54735,True,1,False,,,
13346,d68dca67-fff2-40d0-a1ab-37d6747e4b36,303,New York,NY,,13710,0,,0,0,2015-09-18 11:44:34,2025-11-10 03:03:17.55167,True,1,False,,,
13347,2172aa15-fae1-48ef-b119-fc5d560254f8,303,North Carolina,NC,,13710,0,,0,0,2015-09-18 11:44:34,2025-11-10 03:03:17.555852,True,1,False,,,
13348,df71e20f-76e0-4bdd-a355-de5e3522845f,303,Oklahoma,OK,,13710,0,,0,0,2015-09-18 11:44:34,2025-11-10 03:03:17.564195,True,1,False,,,
13349,83ec24cc-9ecd-4e4e-9327-1989e01e62bb,303,Oregon,OR,,13710,0,,0,0,2015-09-18 11:44:34,2025-11-10 03:03:17.568601,True,1,False,,,
13350,23113ef0-6d67-4ea3-a6f8-f9392cbb1082,303,Pennsylvania,PA,,13710,0,,0,0,2015-09-18 11:44:34,2025-11-10 03:03:17.572444,True,1,False,,,
13351,ded103a9-2ca8-43aa-bd84-f3c18851e3f4,303,Rhode Island,RI,,13710,0,,0,0,2015-09-18 11:44:34,2025-11-10 03:03:17.576783,True,1,False,,,
13352,1a794c62-f01a-49b0-abc1-c5dc019d2dd1,303,South Carolina,SC,,13710,0,,0,0,2015-09-18 11:44:34,2025-11-10 03:03:17.580845,True,1,False,,,
13353,c297a66f-ffbc-404c-84ae-fd36857cac54,303,South Dakota,SD,,13710,0,,0,0,2015-09-18 11:44:34,2025-11-10 03:03:17.584994,True,1,False,,,
13354,96b83489-1d3f-4885-b26f-81dbe8cc7aac,303,Tennessee,TN,,13710,0,,0,0,2015-09-18 11:44:34,2025-11-10 03:03:17.588653,True,1,False,,,
13355,3610312d-1924-429e-9511-215b92dbd5c0,303,Texas,TX,,13710,0,,0,0,2015-09-18 11:44:34,2025-11-10 03:03:17.592551,True,1,False,,,
13356,a2ea0b2a-d140-4038-961e-b2de3f02ea23,303,Utah,UT,,13710,0,,0,0,2015-09-18 11:44:34,2025-11-10 03:03:17.596142,True,1,False,,,
13357,80b9dcce-db38-4a6d-bc88-89d9e63e0231,303,Virginia,VA,,13710,0,,0,0,2015-09-18 11:44:34,2025-11-10 03:03:17.600016,True,1,False,,,
13358,433073bf-64c3-4584-9588-c9130a481827,303,Washington,WA,,13710,0,,0,0,2015-09-18 11:44:34,2025-11-10 03:03:17.604075,True,1,False,,,
13359,061f339f-c574-41c5-9b31-65f7ef4d1dc0,303,Wisconsin,WI,,13710,0,,0,0,2015-09-18 11:44:34,2025-11-10 03:03:17.607881,True,1,False,,,
13360,d3edf4e7-6693-43a3-bc81-26beefcf9236,303,Maine,ME,,13710,0,,0,0,2015-09-18 11:44:34,2025-11-10 03:03:17.615858,True,1,False,,,
13361,c51e2c29-aa5f-4796-b859-31f8ff942905,303,Delaware,DE,,13710,0,,0,0,2015-09-18 11:44:34,2025-11-10 03:03:17.612254,True,1,False,,,
13362,764a5a7e-eaf7-4dfe-b2ed-68ed6395bec2,303,North Dakota,ND,,13710,0,,0,0,2015-09-18 11:44:34,2025-11-10 03:03:17.619512,True,1,False,,,
13363,6a0f6bd7-e0fb-4218-8a63-8e72559ce969,303,Vermont,VT,,13710,0,,0,0,2015-09-18 11:44:34,2025-11-10 03:03:17.623096,True,1,False,,,
13364,89f28002-1f60-40c6-82ff-d9ffc62f7cf3,303,West Virginia,WV,,13710,0,,0,0,2015-09-18 11:44:34,2025-11-10 03:03:17.627475,True,1,False,,,
13365,fe691f44-c4b0-4e8b-b899-f1d13629f3ad,303,Wyoming,WY,,13710,0,,0,0,2015-09-18 11:44:34,2025-11-10 03:03:17.631487,True,1,False,,,
13414,2e00931b-4258-4bfd-85da-bf6def9b49fb,291,Escalation Opened,,ESCALATION_INBOUND,,0,1,0,0,2016-12-06 04:43:43,2025-11-10 03:03:19.364774,True,1,False,,,
13438,fe3579c0-189b-4f27-a36f-be9afdb697f5,291,Automatic,,AUTOMATIC,,0,1,0,0,2016-10-13 09:41:28,2025-11-10 03:03:19.373093,True,1,False,,,
13439,386a296e-7716-49df-88ba-d61a18df02de,291,Manual,,MANUAL,,0,1,0,0,2017-07-31 05:54:00,2025-11-10 03:03:19.37802,True,1,False,,,
13526,fc9ab019-6e78-4125-9a66-2765a76b95f7,291,Event,crmsales,EVENT,,0,,0,0,2015-08-17 12:26:40,2025-11-10 03:03:19.386275,True,1,False,,,
13527,846362d0-db8c-4cdc-b8d0-f0408fffa337,291,Email Failed,crmsales,EMAIL_FAILED,,0,1,0,0,2016-08-09 14:56:49,2025-11-10 03:03:19.390444,True,1,False,,,
13528,a0816e43-aeb0-49d8-894e-126cfe2572ee,291,Email Clicked,crmsales,EMAIL_CLICKED,,0,1,0,0,2016-08-09 14:56:49,2025-11-10 03:03:19.394134,True,1,False,,,
13529,d48e845b-d165-4d5e-b809-d990c7371dc8,291,Email Sent,crmsales,EMAIL_SENT,,0,1,0,0,2016-08-09 14:56:49,2025-11-10 03:03:19.397987,True,1,False,,,
13530,6ebbdcd0-0ca3-4aeb-8f1b-fd46248e4690,291,Email Opened,crmsales,EMAIL_OPENED,,0,1,0,0,2016-08-09 14:56:49,2025-11-10 03:03:19.401999,True,1,False,,,
13531,fde88058-5a49-41fa-a5a2-4c66c0fed3f2,291,Bcc Mail,crmsales,BCC MAIL,,0,1,0,0,2017-07-31 05:54:00,2025-11-10 03:03:19.406321,True,1,False,,,
13532,b8a40dab-2257-4503-8fca-df370e7c269b,291,Contact Updated,crmsales,CONTACT_UPDATED,,0,1,0,0,2017-07-31 05:54:00,2025-11-10 03:03:19.410033,True,1,False,,,
13533,b69931ae-39b4-415a-8e02-c844dfe29ed6,291,Opportunity Updated,crmsales,OPPORTUNITY_UPDATE,,0,1,0,0,2017-07-31 05:54:00,2025-11-10 03:03:19.41455,True,1,False,,,
13534,673dd12a-8f96-4851-a018-337e303735a3,291,Opportunity Contact Added,crmsales,OPPORTUNITY_CONTACT_ADDED,,0,1,0,0,2017-07-31 05:54:00,2025-11-10 03:03:19.418215,True,1,False,,,
13535,02094d2e-e1b1-4f55-9f6d-5cafd6fc42eb,291,Company Updated,crmsales,COMPANY_UPDATED,,0,1,0,0,2017-07-31 05:54:00,2025-11-10 03:03:19.42195,True,1,False,,,
13536,381b017d-0fcf-4860-a625-f2bcc3fd99be,291,Opportunity Task Completed,crmsales,OPPORTUNITY_TASK_COMPLETED,,0,1,0,0,2017-07-31 05:54:00,2025-11-10 03:03:19.425842,True,1,False,,,
13537,efa54909-0d95-4a12-a449-2de88ba0627b,291,Opportunity Task Removed,crmsales,OPPORTUNITY_TASK_REMOVED,,0,1,0,0,2017-07-31 05:54:00,2025-11-10 03:03:19.429879,True,1,False,,,
13538,c16ac411-f606-4f22-91e4-f6c7037015ee,291,Opportunity Task Added,crmsales,OPPORTUNITY_TASK_ADDED,,0,1,0,0,2017-07-31 05:54:00,2025-11-10 03:03:19.433287,True,1,False,,,
13539,32505050-43e0-4cc7-ada7-9792568469c3,291,Company Task Completed,crmsales,COMPANY_TASK_COMPLETED,,0,1,0,0,2017-07-31 05:54:00,2025-11-10 03:03:19.436678,True,1,False,,,
13540,f8df1557-19b7-40ff-99e0-af7aa00a1d53,291,Company Task Removed,crmsales,COMPANY_TASK_REMOVED,,0,1,0,0,2017-07-31 05:54:00,2025-11-10 03:03:19.440404,True,1,False,,,
13541,60bce6ef-1be5-4ace-9a05-ecc2c5df42ee,291,Company Task Added,crmsales,COMPANY_TASK_ADDED,,0,1,0,0,2017-07-31 05:54:00,2025-11-10 03:03:19.444616,True,1,False,,,
13542,4bc2bda1-2aa7-43e1-b35b-d5db0c333ceb,291,Contact Task Removed,crmsales,CONTACT_TASK_REMOVED,,0,1,0,0,2017-07-31 05:54:00,2025-11-10 03:03:19.448493,True,1,False,,,
13543,7656d8e2-7ed3-4c8e-b967-18592029d803,291,Opportunity Contact Removed,crmsales,OPPORTUNITY_CONTACT_REMOVED,,0,1,0,0,2017-07-31 05:54:00,2025-11-10 03:03:19.452252,True,1,False,,,
13544,9a97caf1-ef9f-47f9-a289-2db44981a973,291,Contact Task Completed,crmsales,CONTACT_TASK_COMPLETED,,0,1,0,0,2017-07-31 05:54:00,2025-11-10 03:03:19.455818,True,1,False,,,
13545,1f8f17fd-1445-45af-9fde-04345bbe2368,291,Contact Task Added,crmsales,CONTACT_TASK_ADDED,,0,1,0,0,2017-07-31 05:54:00,2025-11-10 03:03:19.459372,True,1,False,,,
13546,88c9f6b4-85e9-4dbb-aa66-30e3f25cf6bb,291,Opportunity Company Removed,crmsales,OPPORTUNITY_COMPANY_REMOVED,,0,1,0,0,2017-07-31 05:54:00,2025-11-10 03:03:19.463574,True,1,False,,,
13547,6a774ac8-796a-4b63-ae77-84cbe6708dff,291,Company Contact Removed,crmsales,COMPANY_CONTACT_REMOVED,,0,1,0,0,2017-07-31 05:54:00,2025-11-10 03:03:19.467527,True,1,False,,,
13548,99d6ed18-f5d3-4c99-a0e5-8e15a4e34e1e,291,Company Opportunity Removed,crmsales,COMPANY_OPPORTUNITY_REMOVED,,0,1,0,0,2017-07-31 05:54:00,2025-11-10 03:03:19.471784,True,1,False,,,
13549,4991b313-d305-482e-824e-c5d0fd6a8315,291,Contact Opportunity Removed,crmsales,CONTACT_OPPORTUNITY_REMOVED,,0,1,0,0,2017-07-31 05:54:00,2025-11-10 03:03:19.475899,True,1,False,,,
13550,a9b89312-b095-45ca-ac70-3756b1798e92,291,Contact Opportunity Added,crmsales,CONTACT_OPPORTUNITY_ADDED,,0,1,0,0,2017-07-31 05:54:00,2025-11-10 03:03:19.480207,True,1,False,,,
13551,b7ad0c5e-f6d7-4477-8bf1-f1989f0fa649,291,Contact Company Removed,crmsales,CONTACT_COMPANY_REMOVED,,0,1,0,0,2017-07-31 05:54:00,2025-11-10 03:03:19.484242,True,1,False,,,
13552,4594b4f5-2c58-44a2-bc8f-b76c01f82ca4,291,Company Opportunity Added,crmsales,COMPANY_OPPORTUNITY_ADDED,,0,1,0,0,2017-07-31 05:54:00,2025-11-10 03:03:19.488534,True,1,False,,,
13553,d47e99f5-719a-44a5-ad87-4a9a2f72f583,291,Company Contact Added,crmsales,COMPANY_CONTACT_ADDED,,0,1,0,0,2017-07-31 05:54:00,2025-11-10 03:03:19.492553,True,1,False,,,
13554,cc4b5225-3f6f-498a-8388-3b3c9ef95333,291,Contact Company Added,crmsales,CONTACT_COMPANY_ADDED,,0,1,0,0,2017-07-31 05:54:00,2025-11-10 03:03:19.496635,True,1,False,,,
13555,47c55c09-68b9-4f88-a059-89d996d28729,291,Opportunity Company Added,crmsales,OPPORTUNITY_COMPANY_ADDED,,0,1,0,0,2017-07-31 05:54:00,2025-11-10 03:03:19.500757,True,1,False,,,
13556,eedaab89-30f7-4aa4-b17a-9e75fc52b187,291,Opportunity Owner Removed,crmsales,OPPORTUNITY_OWNER_REMOVED,,0,1,0,0,2017-07-31 05:54:00,2025-11-10 03:03:19.505021,True,1,False,,,
13557,15dacea2-0cb5-4722-b1a4-8b96d9f85ebe,291,Contact Owner Removed,crmsales,CONTACT_OWNER_REMOVED,,0,1,0,0,2017-07-31 05:54:00,2025-11-10 03:03:19.508883,True,1,False,,,
13558,e1f3c648-5e90-4459-b955-56d9f85857d1,291,Company Owner Removed,crmsales,COMPANY_OWNER_REMOVED,,0,1,0,0,2017-07-31 05:54:00,2025-11-10 03:03:19.512513,True,1,False,,,
13559,36f5e0f1-db29-4c54-a124-b9dd38353c65,291,Contact Owner Added,crmsales,CONTACT_OWNER_ADDED,,0,1,0,0,2017-07-31 05:54:00,2025-11-10 03:03:19.516178,True,1,False,,,
13560,73f5ea9f-5dcf-4eaa-bd33-b36a58778393,291,Opportunity Owner Added,crmsales,OPPORTUNITY_OWNER_ADDED,,0,1,0,0,2017-07-31 05:54:00,2025-11-10 03:03:19.519702,True,1,False,,,
13561,5000edab-cec9-4c8f-8d15-6fde38972da5,291,Company Owner Added,crmsales,COMPANY_OWNER_ADDED,,0,1,0,0,2017-07-31 05:54:00,2025-11-10 03:03:19.524112,True,1,False,,,
13564,a3504d5b-9270-473d-a7cd-d175c8310ad8,291,Call,crmsales,CALL,,0,,0,0,2015-08-17 12:26:40,2025-11-10 03:03:19.537862,True,1,False,,,
13565,f6bcc577-7b49-454c-8009-aac947389f0b,291,Contact Created,crmsales,CONTACT_CREATED,,0,1,0,0,2017-07-31 05:55:00,2025-11-10 03:03:19.542113,True,1,False,,,
13566,d2a66e55-7bff-46dd-bf7e-c6a886839faf,291,Note,crmsales,NOTE,,0,1,0,0,2016-10-27 09:23:48,2025-11-10 03:03:19.546519,True,1,False,,,
13567,239e80ae-39ff-4007-9d0c-b8fdd9b09fda,291,Inbound Phone Call,"ccc,ceps",INBOUND_PHONE_CALL,,0,1,0,0,2017-09-26 04:41:00,2025-11-10 03:03:19.5509,True,1,False,,,
13568,7a8c4ca0-8c97-450c-afa1-218c464d2d60,291,Outbound Phone Call,"ccc,ceps",OUTBOUND_PHONE_CALL,,0,1,0,0,2017-09-26 04:41:00,2025-11-10 03:03:19.555254,True,1,False,,,
13569,b55d8df2-9fd8-4fad-9a04-0eeb12c080fc,291,Outbound Email,"ccc,ceps",OUTBOUND_EMAIL,,0,1,0,0,2016-12-06 04:43:43,2025-11-10 03:03:19.559744,True,1,False,,,
13570,a479c04a-eaf4-43d9-a27d-47557c1bd0fd,291,Nonprofit Update,"ccc,ceps",UPDATE_NONPROFIT,,0,1,0,0,2017-07-31 05:54:05,2025-11-10 03:03:19.563741,True,1,False,,,
13571,6f5b6355-48e3-4bfb-be12-49bb2e1e8430,291,Follow Up Attempted,"ccc,ceps",FOLLOWUP_ATTEMPTED,,0,1,0,0,2016-12-06 04:43:43,2025-11-10 03:03:19.567702,True,1,False,,,
13572,0956f6e2-c526-4193-877f-6619c99b0551,291,Follow Up Scheduled,"ccc,ceps",FOLLOWUP_SCHEDULED,,0,1,0,0,2016-12-06 04:43:43,2025-11-10 03:03:19.571728,True,1,False,,,
13573,1023f93e-dc10-4a74-995d-778ce5594211,291,Inbound Call,"ccc,ceps",INBOUND_CALL,,0,1,0,0,2016-12-06 04:43:43,2025-11-10 03:03:19.575903,True,1,False,,,
13574,110e76d9-45e9-4881-8812-6f3b1e2deeab,291,Outbound Call,"ccc,ceps",OUTBOUND_CALL,,0,1,0,0,2016-12-06 04:43:43,2025-11-10 03:03:19.580133,True,1,False,,,
13575,37567112-d675-473c-8352-91190e7af7f5,291,Inbound Email,"ccc,ceps",INBOUND_EMAIL,,0,1,0,0,2016-12-06 04:43:43,2025-11-10 03:03:19.583786,True,1,False,,,
13577,0c9c89fb-0507-41e5-bdca-5591ffef8f93,291,Callback Created,"ccc,ceps",ADD_FOLLOW_UP,,0,1,0,0,2017-07-31 05:54:26,2025-11-10 03:03:19.591615,True,1,False,,,
13578,927d6c80-21fb-42c5-ba8d-0f89f8eab744,291,Callback Updated,"ccc,ceps",UPDATE_FOLLOW_UP,,0,1,0,0,2017-07-31 05:54:26,2025-11-10 03:03:19.596067,True,1,False,,,
13579,eab12e63-ae63-415a-8b12-ad5b5ace6b48,291,Callback Completed,"ccc,ceps",MARK_AS_COMPLETED,,0,1,0,0,2017-07-31 05:54:26,2025-11-10 03:03:19.600238,True,1,False,,,
13597,271eff49-0df3-4fd2-b27a-b95609ca1c96,291,Session Note,"ccc,ceps",NOTE_ADDED,,0,1,0,0,2016-12-06 04:43:43,2025-11-10 03:03:19.67341,True,0,False,,,
13598,b1b7d2c4-f96e-4c82-b279-e9f7e82ef240,291,Email,"crmsales,ccc,ceps",EMAIL,,0,,0,0,2015-08-17 12:26:40,2025-11-10 03:03:19.833367,True,1,False,,,
13605,745ae9c8-4da3-4962-b165-0b84c61fbe2e,287,(GMT-8:00) Pacific Time(US & Canada),America/Los_Angeles,,,5,,0,0,2015-08-17 12:26:40,2025-11-10 03:03:08.073087,True,1,False,,,
13606,8bfbe366-8f59-4aed-9002-bedfeafd2aa8,287,(GMT-12:00) International Date Line West,Etc/GMT+12,,,1,,1,1,2015-08-17 12:26:40,2025-11-10 03:03:08.106979,True,0,False,,,
13607,ca44e723-f183-4904-9998-dbb991b877ca,287,"(GMT-11:00) Midway Island, Samoa",Pacific/Midway,,,2,,1,1,2015-08-17 12:26:40,2025-11-10 03:03:08.102379,True,0,False,,,
13608,f6cca16f-0ae0-4df9-9cef-90225964a426,287,(GMT-10:00) Hawaii,US/Hawaii,,,3,,0,0,2015-08-17 12:26:40,2025-11-10 03:03:08.068183,True,1,False,,,
13609,ab95d0d4-9bba-452f-af24-f99b7e091ed3,287,(GMT-9:00) Alaska,Etc/GMT+9,,,4,,0,0,2015-08-17 12:26:40,2025-11-10 03:03:08.077571,True,1,False,,,
13610,7756423e-ef1a-4832-bc5f-cffc18acd354,287,(GMT-7:00) Mountain Time(US & Canada),Canada/Mountain,,,6,,0,0,2015-08-17 12:26:40,2025-11-10 03:03:08.391314,True,1,False,,,
13611,016354b7-e81d-4780-b55b-a9578b01ced2,287,"(GMT-07:00) Chihuahua, La Paz, Mazatlan",Mexico/BajaNorte,,,7,,1,1,2015-08-17 12:26:40,2025-11-10 03:03:08.09833,True,0,False,,,
13612,e9010603-6410-4a93-88cf-34da4036749e,287,(GMT-07:00) Arizona,US/Arizona,,,8,,0,1,2015-08-17 12:26:40,2025-11-10 03:03:08.085301,True,0,False,,,
13613,562cb4c3-8349-43d6-b57b-047bdc13662f,287,(GMT-06:00) Saskatchewan,Canada/Saskatchewan,,,10,,0,1,2015-08-17 12:26:40,2025-11-10 03:03:08.090408,True,0,False,,,
13614,25ef2034-16d2-4029-8447-484b9925a1dc,287,"(GMT-06:00) Guadalajara, Mexico City, Monterrey",Mexico/BajaSur,,,11,,1,1,2015-08-17 12:26:40,2025-11-10 03:03:08.09438,True,0,False,,,
13615,bcc89a22-fa00-442d-9fa8-8b3ad6a13009,287,(GMT-06:00) Central America,America/Belize,,,12,,1,1,2015-08-17 12:26:40,2025-11-10 03:03:08.387215,True,0,False,,,
13616,e266c99e-4878-4d5f-8b18-ad2816d5339c,287,(GMT-5:00) Eastern Time(US & Canada),America/New_York,,,13,,0,0,2015-08-17 12:26:40,2025-11-10 03:03:08.39598,True,1,False,,,
13617,33a7009d-582b-4824-b69e-a4750280d3d4,287,(GMT-05:00) Indiana (East),US/Indiana-Starke,,,14,,0,1,2015-08-17 12:26:40,2025-11-10 03:03:08.116297,True,0,False,,,
13618,b777eb7b-4217-48e3-817d-ce68cad06261,287,"(GMT-05:00) Bogota, Lima, Quito",America/Bogota,,,15,,1,1,2015-08-17 12:26:40,2025-11-10 03:03:08.317148,True,0,False,,,
13619,1c9924ca-23e8-4822-8564-abdc162673fb,287,(GMT-04:00) Atlantic Time (Canada),Canada/Eastern,,,16,,0,0,2015-08-17 12:26:40,2025-11-10 03:03:08.329204,True,1,False,,,
13620,f4470c2e-d8a6-4ea2-ba91-cc3dba1ade05,287,"(GMT-04:00) Caracas, La Paz",America/La_Paz,,,17,,1,1,2015-08-17 12:26:40,2025-11-10 03:03:08.313291,True,0,False,,,
13621,de1d342a-72ca-4559-8811-efa18d66a832,287,(GMT-04:00) Santiago,Etc/GMT+4,,,18,,1,1,2015-08-17 12:26:40,2025-11-10 03:03:08.309525,True,0,False,,,
13622,855a631f-57d6-4b51-9b9f-1fc3b3a740b8,287,(GMT-02:30) Newfoundland and Labrador,Canada/Newfoundland,,,19,,0,1,2015-08-17 12:26:40,2025-11-10 03:03:08.121618,True,0,False,,,
13623,9016d31f-5946-4ee8-8919-db80f46a35b6,287,(GMT-03:00) Brasilia,America/Araguaina,,,20,,1,1,2015-08-17 12:26:40,2025-11-10 03:03:08.305487,True,0,False,,,
13624,2813f7a8-9915-449d-9ea0-1ff1947a4df7,287,"(GMT-03:00) Buenos Aires, Georgetown",America/Buenos_Aires,,,21,,1,1,2015-08-17 12:26:40,2025-11-10 03:03:08.301578,True,0,False,,,
13625,bebbf304-6e59-41f6-bbb7-d80d35f87cf4,287,(GMT-03:00) Greenland,Etc/GMT+3,,,22,,1,1,2015-08-17 12:26:40,2025-11-10 03:03:08.297275,True,0,False,,,
13626,46e0f139-68a5-4cd0-9d36-cffc92b699e8,287,(GMT-02:00) Mid-Atlantic,Etc/GMT+2,,,23,,1,1,2015-08-17 12:26:40,2025-11-10 03:03:08.292296,True,0,False,,,
13627,2bc7af8a-c465-4089-a66a-f79eda066abf,287,(GMT-01:00) Azores,Etc/GMT+1,,,24,,1,1,2015-08-17 12:26:40,2025-11-10 03:03:08.288035,True,0,False,,,
13628,98993157-ea87-4ddf-acf6-6f33846217f9,287,(GMT-01:00) Cape Verde Islands,Atlantic/Cape_Verde,,,25,,1,1,2015-08-17 12:26:40,2025-11-10 03:03:08.283607,True,0,False,,,
13629,849e53b8-28c4-46c8-a28d-857ba8c7e000,287,"(GMT) Greenwich Mean Time: Dublin, Edinburgh, Lisbon, London",Greenwich,,,26,,0,1,2015-08-17 12:26:40,2025-11-10 03:03:08.125957,True,0,False,,,
13630,5dc1dda6-41e6-47fb-a6c7-b74d46e730d0,287,"(GMT) Casablanca, Monrovia",Africa/Monrovia,,,27,,1,1,2015-08-17 12:26:40,2025-11-10 03:03:08.278863,True,0,False,,,
13631,47111f23-b66a-4286-ab77-5df222d49d02,287,"(GMT+01:00) Belgrade, Bratislava, Budapest, Ljubljana, Prague",Africa/Algiers,,,28,,1,1,2015-08-17 12:26:40,2025-11-10 03:03:08.264127,True,0,False,,,
13632,c0f7968b-7c9c-4642-aa77-42009ffdac2f,287,"(GMT+02:00) Sarajevo, Skopje, Warsaw, Zagreb",Europe/Sarajevo,,,29,,1,1,2015-08-17 12:26:40,2025-11-10 03:03:08.260672,True,0,False,,,
13633,d863f3df-b614-4f8b-949b-84ed8880809e,287,"(GMT+01:00) Brussels, Copenhagen, Madrid, Paris",Etc/GMT-1,,,30,,1,1,2015-08-17 12:26:40,2025-11-10 03:03:08.256898,True,0,False,,,
13634,5541d569-a9ac-425a-b524-da32c6feeb0d,287,"(GMT+02:00) Amsterdam, Berlin, Bern, Rome, Stockholm, Vienna",Europe/Amsterdam,,,31,,1,1,2015-08-17 12:26:40,2025-11-10 03:03:08.252689,True,0,False,,,
13635,88799536-e86b-4432-8d69-30d32158e25a,287,(GMT+01:00) West Central Africa,Africa/Bangui,,,32,,1,1,2015-08-17 12:26:40,2025-11-10 03:03:08.248638,True,0,False,,,
13636,95782675-b09a-4348-98b3-2babdd23fa4a,287,(GMT+02:00) Cairo,Africa/Cairo,,,34,,1,1,2015-08-17 12:26:40,2025-11-10 03:03:08.244133,True,0,False,,,
13638,f80dab91-9c1f-41c1-a373-6a3bf297ff5e,287,"(GMT+03:00) Helsinki, Kiev, Riga, Sofia, Tallinn, Vilnius",Europe/Sofia,,,35,,1,1,2015-08-17 12:26:40,2025-11-10 03:03:08.240382,True,0,False,,,
13639,a14849d9-eeb7-446a-b6cf-11d24a014599,287,"(GMT+03:00) Athens, Istanbul, Minsk",Asia/Istanbul,,,36,,1,1,2015-08-17 12:26:40,2025-11-10 03:03:08.236403,True,0,False,,,
13640,e8e5f80d-d2d8-4f57-ba4c-b661323b6179,287,(GMT+02:00) Jerusalem,Asia/Jerusalem,,,37,,1,1,2015-08-17 12:26:40,2025-11-10 03:03:08.231873,True,0,False,,,
13641,1960d051-7f4a-4345-8126-f835f1b734d8,287,"(GMT+02:00) Harare, Pretoria",Africa/Harare,,,38,,0,0,2015-08-17 12:26:40.496,2025-04-14 12:04:31.242723,True,0,False,,,
13642,181e7678-da72-4d1f-9345-c8fa34e3c61b,287,"(GMT+03:00) Moscow, St. Petersburg, Volgograd",Europe/Moscow,,,39,,1,1,2015-08-17 12:26:40,2025-11-10 03:03:08.227928,True,0,False,,,
13643,962951fd-25c2-4d24-9973-9769a1a5583e,287,"(GMT+03:00) Kuwait, Riyadh",Asia/Kuwait,,,40,,1,1,2015-08-17 12:26:40,2025-11-10 03:03:08.223574,True,0,False,,,
13644,a40d8d04-3c8a-4e9b-a1b4-85024fa704e6,287,(GMT+03:00) Nairobi,Africa/Nairobi,,,41,,1,1,2015-08-17 12:26:40,2025-11-10 03:03:08.219485,True,0,False,,,
13645,4f46f1e3-0a3d-4a36-910b-440ffd3aa818,287,(GMT+03:00) Baghdad,Asia/Baghdad,,,42,,1,1,2015-08-17 12:26:40,2025-11-10 03:03:08.215421,True,0,False,,,
13646,01bbfa22-7964-4244-b76f-772cc5b6c63b,287,(GMT+03:30) Tehran,Asia/Tehran,,,43,,1,1,2015-08-17 12:26:40,2025-11-10 03:03:08.211554,True,0,False,,,
13647,ae9d2ece-a2bb-42d9-afc1-b45650fb197c,287,"(GMT+04:00) Abu Dhabi, Muscat",Asia/Dubai,,,44,,1,1,2015-08-17 12:26:40,2025-11-10 03:03:08.207514,True,0,False,,,
13648,bd3929a9-f56d-4ece-9845-56e87c8fa053,287,"(GMT+04:00) Baku, Tbilisi, Yerevan",Asia/Yerevan,,,45,,1,1,2015-08-17 12:26:40,2025-11-10 03:03:08.203738,True,0,False,,,
13649,795228a0-aac2-4b2c-9808-d0e7958913b4,287,(GMT+04:30) Kabul,Asia/Kabul,,,46,,1,1,2015-08-17 12:26:40,2025-11-10 03:03:08.199806,True,0,False,,,
13650,59d70d9c-e0d4-48b6-9839-d7632f8422c9,287,(GMT+05:00) Ekaterinburg,Asia/Yekaterinburg,,,47,,1,1,2015-08-17 12:26:40,2025-11-10 03:03:08.195524,True,0,False,,,
13651,183ce073-21e0-475e-8b88-e515b9f6213f,287,"(GMT+05:00) Islamabad, Karachi, Tashkent",Asia/Karachi,,,48,,1,1,2015-08-17 12:26:40,2025-11-10 03:03:08.383174,True,0,False,,,
13652,99d7c0a1-bbee-4e00-a44c-cc5af688a9fc,287,"(GMT+5:30) Chennai,Kolkata,Mumbai,New Delhi",Asia/Kolkata,,,49,,0,1,2015-08-17 12:26:40,2025-11-10 03:03:08.130904,True,1,False,,,
13653,3056b730-6f32-4564-b0a6-3e6a92ed367f,287,(GMT+05:45) Kathmandu,Asia/Kathmandu,,,50,,1,1,2015-08-17 12:26:40,2025-11-10 03:03:08.191286,True,0,False,,,
13654,af010dd1-7455-43d7-8a54-7c4a20dbfa5f,287,"(GMT+06:00) Astana, Dhaka",Asia/Dhaka,,,51,,1,1,2015-08-17 12:26:40,2025-11-10 03:03:08.187186,True,0,False,,,
13655,0d68a2c7-822b-4594-90bf-7fb015d406b8,287,(GMT+06:00) Sri Jayawardenepura,Etc/GMT-6,,,52,,1,1,2015-08-17 12:26:40,2025-11-10 03:03:08.182756,True,0,False,,,
13656,b25ef54d-42e1-4716-9106-92a185b86c48,287,"(GMT+06:00) Almaty, Novosibirsk",Asia/Novosibirsk,,,53,,1,1,2015-08-17 12:26:40,2025-11-10 03:03:08.178749,True,0,False,,,
13657,ed39a2cc-5e1b-42e7-9b85-daa63d9d5d4d,287,(GMT+06:30) Yangon Rangoon,Asia/Rangoon,,,54,,1,1,2015-08-17 12:26:40,2025-11-10 03:03:08.172625,True,0,False,,,
13658,64f790c9-6bdc-4da6-9035-f2e2149560ac,287,"(GMT+07:00) Bangkok, Hanoi, Jakarta",Asia/Bangkok,,,55,,1,1,2015-08-17 12:26:40,2025-11-10 03:03:08.16838,True,0,False,,,
13659,9fdad26f-9f69-4783-979f-8e785b2a1cd7,287,(GMT+07:00) Krasnoyarsk,Asia/Krasnoyarsk,,,56,,1,1,2015-08-17 12:26:40,2025-11-10 03:03:08.164732,True,0,False,,,
13660,1ad71fea-ecf1-4a96-a06c-207703f50a92,287,"(GMT+08:00) Beijing, Chongqing, Hong Kong SAR, Urumqi",Asia/Hong_Kong,,,57,,1,1,2015-08-17 12:26:40,2025-11-10 03:03:08.159932,True,0,False,,,
13661,5c73b1fb-b840-44c2-b6e4-ff2c5128db3c,287,"(GMT+08:00) Kuala Lumpur, Singapore",Asia/Singapore,,,58,,1,1,2015-08-17 12:26:40,2025-11-10 03:03:08.155647,True,0,False,,,
13662,1c5bff29-7598-4137-8cc4-6a0908c67cf2,287,(GMT+08:00) Taipei,Asia/Taipei,,,59,,1,1,2015-08-17 12:26:40,2025-11-10 03:03:08.151383,True,0,False,,,
13663,a532b7a9-9907-449a-af04-95c97851fdba,287,(GMT+08:00) Perth,Australia/Perth,,,60,,1,1,2015-08-17 12:26:40,2025-11-10 03:03:08.14559,True,0,False,,,
13664,97fe7b2f-01ba-4c5a-a636-a14aabc61929,287,"(GMT+08:00) Irkutsk, Ulaanbaatar",Asia/Irkutsk,,,61,,1,1,2015-08-17 12:26:40,2025-11-10 03:03:08.141584,True,0,False,,,
13665,5c7921ea-289b-4519-9a12-b8faa212d2ee,287,(GMT+09:00) Seoul,Asia/Seoul,,,62,,1,1,2015-08-17 12:26:40,2025-11-10 03:03:08.135908,True,0,False,,,
13666,25d8f001-be5a-4d04-9a6b-fb3547c03e1b,287,"(GMT+09:00) Osaka, Sapporo, Tokyo",Asia/Tokyo,,,63,,1,1,2015-08-17 12:26:40,2025-11-10 03:03:08.379381,True,0,False,,,
13667,0c12fa7e-08c9-44c2-b683-8484e431ad16,287,(GMT+09:00) Yakutsk,Asia/Yakutsk,,,64,,1,1,2015-08-17 12:26:40,2025-11-10 03:03:08.371141,True,0,False,,,
13668,df3fe5d0-0283-48e6-ad82-361931df20db,287,(GMT+09:30) Darwin,Australia/Darwin,,,65,,1,1,2015-08-17 12:26:40,2025-11-10 03:03:08.367191,True,0,False,,,
13669,b687ec85-4a6e-4596-a4cd-811acd78332d,287,(GMT+09:30) Adelaide,Australia/Adelaide,,,66,,1,1,2015-08-17 12:26:40,2025-11-10 03:03:08.363369,True,0,False,,,
13670,d65d9bcd-7518-4bd2-806a-6b90bfafbf61,287,"(GMT+10:00) Canberra, Melbourne, Sydney",Australia/Melbourne,,,67,,1,1,2015-08-17 12:26:40,2025-11-10 03:03:08.358482,True,0,False,,,
13671,c7576706-7f29-4949-ad95-687cf491cd23,287,(GMT+10:00) Brisbane,Australia/Brisbane,,,68,,1,1,2015-08-17 12:26:40,2025-11-10 03:03:08.354624,True,0,False,,,
13672,a6c06bb1-6b26-4215-a19c-a6259922b725,287,(GMT+10:00) Hobart,Australia/Hobart,,,69,,1,1,2015-08-17 12:26:40,2025-11-10 03:03:08.349837,True,0,False,,,
13673,33d2957f-2a27-4a5e-9981-f9370dc09009,287,(GMT+10:00) Vladivostok,Asia/Vladivostok,,,70,,1,1,2015-08-17 12:26:40,2025-11-10 03:03:08.345292,True,0,False,,,
13674,1765ef4f-e85d-4bf9-9197-68231714fc42,287,"(GMT+10:00) Guam, Port Moresby",Pacific/Guam,,,71,,0,1,2015-08-17 12:26:40,2025-11-10 03:03:08.32124,True,0,False,,,
13675,e3cc4753-1fee-44ec-9a57-0e5e0752d29b,287,"(GMT+11:00) Magadan, Solomon Islands, New Caledonia",Asia/Magadan,,,72,,1,1,2015-08-17 12:26:40,2025-11-10 03:03:08.341394,True,0,False,,,
13676,dd5c889a-26f6-4363-95d6-b089f738fd71,287,"(GMT+12:00) Fiji Islands, Kamchatka, Marshall Islands",Pacific/Fiji,,,73,,1,1,2015-08-17 12:26:40,2025-11-10 03:03:08.337518,True,0,False,,,
13677,2f242f37-c39e-4ce2-9d08-6b4f8617094a,287,"(GMT+12:00) Auckland, Wellington",Pacific/Auckland,,,74,,1,1,2015-08-17 12:26:40,2025-11-10 03:03:08.333485,True,0,False,,,
13678,be5fda2d-6cd0-4c6c-9a4d-d328983b98e5,287,(GMT+13:00) Nuku'alofa,Pacific/Tongatapu,,,75,,1,1,2015-08-17 12:26:40,2025-11-10 03:03:08.375366,True,0,False,,,
13681,d17862f5-a97c-405b-8f64-bfe56514ba0f,303,Alberta,AB,,13696,0,,0,0,2015-08-17 12:26:40,2025-11-10 03:03:17.648571,True,1,False,,,
13682,204269bd-3eed-4f85-9888-e337547a1da6,303,Nunavut,NU,,13696,0,,0,0,2015-08-17 12:26:40,2025-11-10 03:03:17.652606,True,1,False,,,
13683,c52f79d3-cc06-4728-bd11-890c696653a8,303,Ontario,ON,,13696,0,,0,0,2015-08-17 12:26:40,2025-11-10 03:03:17.656481,True,1,False,,,
13684,28a7f92e-c184-4330-952d-a0a052ad3787,303,Newfoundland and Labrador,NL,,13696,0,,0,0,2015-08-17 12:26:40,2025-11-10 03:03:17.660713,True,1,False,,,
13685,e0cd19ac-d362-484a-a3cc-ce9c74cf1108,303,British Columbia,BC,,13696,0,,0,0,2015-08-17 12:26:40,2025-11-10 03:03:17.664591,True,1,False,,,
13686,3d403723-8992-4c14-b2ed-b1020b42b706,303,Manitoba,MB,,13696,0,,0,0,2015-08-17 12:26:40,2025-11-10 03:03:17.668418,True,1,False,,,
13687,743edc61-7921-4c80-adbf-a42c2996c207,303,New Brunswick,NB,,13696,0,,0,0,2015-08-17 12:26:40,2025-11-10 03:03:17.672282,True,1,False,,,
13688,c1f09826-368e-465d-8c4c-d0b96680da88,303,Northwest Territories,NT,,13696,0,,0,0,2015-08-17 12:26:40,2025-11-10 03:03:17.675894,True,1,False,,,
13689,7ddb2cb4-3e04-49d4-a8a1-c5a3b549ebcb,303,Nova Scotia,NS,,13696,0,,0,0,2015-08-17 12:26:40,2025-11-10 03:03:17.679586,True,1,False,,,
13690,781958f3-ffbf-41f3-9671-062da9e79894,303,Prince Edward Island,PE,,13696,0,,0,0,2015-08-17 12:26:40,2025-11-10 03:03:17.683345,True,1,False,,,
13691,e8498f62-44f8-4697-ae66-73397be9a740,303,Quebec,QC,,13696,0,,0,0,2015-08-17 12:26:40,2025-11-10 03:03:17.688636,True,1,False,,,
13692,49698623-fe0b-458c-844d-cc5652a62471,303,Saskatchewan,SK,,13696,0,,0,0,2015-08-17 12:26:40,2025-11-10 03:03:17.693581,True,1,False,,,
13693,dfded0fb-5928-4707-a43c-e0186ec9ecec,303,Yukon Territory,YT,,13696,0,,0,0,2015-08-17 12:26:40,2025-11-10 03:03:17.69804,True,1,False,,,
13695,d61f27eb-cd02-4bdc-82de-5cf72980090f,287,(GMT-6:00) Central Time(US & Canada),US/Central,,,9,,0,0,2015-08-17 12:26:40,2025-11-10 03:03:08.081667,True,1,False,,,
13696,90a337d0-66b5-4ba1-ba47-d3340069d02b,302,Canada,CA,COUNTRY_CANADA,,0,,0,0,2015-08-17 12:26:40.496,2023-06-06 03:50:47.279755,True,1,False,,,
13710,3a18e865-90e1-4bc3-91e0-a6556217a11c,302,United States,US,COUNTRY_US,,0,,1,0,2015-09-18 11:44:34,2025-10-30 21:44:30.430247,True,1,False,,,
13722,a9678e96-d14b-4144-8770-504604b0c92e,347,Human Resources,,HUMAN_RESOURCE,,0,1,0,0,2019-02-07 02:32:51,2025-11-10 03:03:18.877651,True,1,False,,,
13723,a40424e3-cdd7-422c-bfac-3cf67a754d34,347,Management,,MANAGEMENT,,0,1,0,0,2019-02-07 02:32:51,2025-11-10 03:03:18.882849,True,1,False,,,
13724,c709b457-f922-48b6-9b46-79f163a797f3,347,Marketing,,MARKETING,,0,1,0,0,2019-02-07 02:32:51,2025-11-10 03:03:18.887189,True,1,False,,,
13725,52f085fc-4b25-4af0-a903-a7cc49060dc1,347,Sales,,SALES,,0,1,0,0,2019-02-07 02:32:51,2025-11-10 03:03:18.873197,True,1,False,,,
13727,c59aa300-e037-4d96-af42-acab3ebc0806,296,Inactive,,,,,0,0,0,2021-02-01 20:16:21.256489,2021-07-22 20:52:35.844143,True,1,False,,,
13751,93e5bba4-923a-46e9-b548-bf9bf5888ee0,296,New,,,,,0,0,0,2021-07-22 20:53:39.125247,,True,1,False,,,
13752,e109636c-ff0a-4f8c-9b16-a66cbe8c4a44,296,Closed,,,,,0,0,0,2021-07-22 21:28:33.126879,,True,1,False,,,
13757,19b5efea-dacc-4625-ab9d-49e51487d668,291,SMS Sent,,SMS_SENT,,0,0,0,0,2021-09-15 07:29:29.14557,,True,1,False,,,
13758,10069490-6a90-420a-9bcd-1ce2ae825d50,291,Disposition,,CONTACT_DISPOSITION,,0,0,0,0,2021-09-15 07:29:29.14557,,True,1,False,,,
13794,72e159a4-9034-4043-bc63-0b89109932b3,354,Incomplete Donation,,INCOMPLETE_DONATION,,0,1,0,0,2017-07-31 05:54:26,2025-11-10 03:03:18.658987,False,1,False,,,
13795,b76bdb8a-2619-45b9-934c-04f73dfacd04,354,New Lead,,NEW_LEAD,,0,1,0,0,2017-07-31 05:54:26,2025-11-10 03:03:18.662981,False,1,False,,,
13796,e25a2bc8-0831-4b7d-aec7-267303c3d21c,354,CCD Lead - Authorized Agents Only,,CCD_LEAD,,0,1,0,0,2017-09-19 05:43:38,2025-11-10 03:03:18.674379,False,1,False,,,
13797,8b03667b-0b38-4bc6-b5fc-c800a3428312,354,Operations Issue,,OPERATIONS_ISSUE,,0,1,0,0,2017-07-31 05:54:26,2025-11-10 03:03:18.678428,False,1,False,,,
13798,8c29eba5-159d-4831-b49d-7f6bc12997cf,354,Pickup Hold,,PICKUP_HOLD,,0,1,0,0,2017-07-31 05:54:26,2025-11-10 03:03:18.670632,False,1,False,,,
13802,f6991730-2de5-4433-bdf6-fec553a23779,355,₹,INR,,11110,0,0,0,0,2022-06-01 05:48:50.71585,2024-10-08 03:54:04.371498,False,0,False,,,
13803,4e5b9a81-6ed3-45f8-a6c7-2b5051f4e8f0,355,$,AUD,,11149,0,0,0,0,2022-06-01 05:48:50.71585,2024-10-08 03:54:04.372649,False,0,False,,,
13804,a37d4270-6267-4fa8-a0d6-3b3908db9938,355,$,EUR,,11175,0,0,1,0,2022-06-01 05:48:50.71585,2024-10-09 05:21:59.662224,False,0,False,,,
13805,824440f7-763c-4858-844f-61ac22d22e97,355,$,EUR,,11180,0,0,0,0,2022-06-01 05:48:50.71585,2024-10-08 03:54:04.374673,False,0,False,,,
13806,6378b9e4-5698-4aaa-b011-c6f4348b57de,355,$,HKD,,13252,0,0,0,0,2022-06-01 05:48:50.71585,2024-10-08 03:54:04.373664,False,0,False,,,
13807,9014887d-55e0-43b6-b144-d0c0785eb999,355,$,SGD,,13253,0,0,0,0,2022-06-01 05:48:50.71585,2024-10-08 03:54:04.366274,False,0,False,,,
13808,9d81ebf3-c7f0-4023-9cd0-83ee2837c70f,355,$,CAD,,13696,0,0,0,0,2022-06-01 05:48:50.71585,2024-10-08 03:54:04.367743,False,0,False,,,
13809,6dcb946a-3228-43d2-9faa-c58ed235f37e,355,$,USD,,13710,0,0,0,0,2022-06-01 05:48:50.71585,2025-12-01 07:17:37.603488,False,1,False,,,
13810,2e6f0dc2-79dc-475f-a987-3a8a1e85be2b,355,£,GBP,,11231,0,0,0,0,2022-06-01 05:48:50.71585,2024-10-08 03:54:04.370328,False,0,False,,,
13822,800868e1-2f37-4d5e-9119-8e61c8f356ac,,,,,,,0,0,0,2022-07-18 03:32:35.05608,2022-07-18 21:40:36.93067,False,0,False,,,
18114,5970e8d3-29a6-48c6-85e9-e2a5f7758d4a,291,Transaction Added,TRANSACTION_ADDED,TRANSACTION_ADDED,,0,0,0,0,2023-11-15 21:31:18.930275,2023-11-15 21:31:18.930275,True,1,False,,,
18115,b75eeb02-38db-4902-94cd-34613d3088c0,291,Transaction Updated,"ccc,ceps",UPDATED_VEHICLE_TRANSACTION,,0,1,0,0,2017-07-31 05:54:26,2025-12-15 13:08:52.960266,True,1,False,,,
18116,f234aa4f-f4b0-4269-adb2-5be6f5d71461,291,Transaction Deleted,"ccc,ceps",DELETED_VEHICLE_TRANSACTION,,0,1,0,0,2017-07-31 05:54:26,2025-11-10 03:03:19.669775,True,1,False,,,
18117,dbf3a5b8-232e-4159-a0c2-169e784aa9b3,291,Email Conversation,,EMAIL_CONVERSATION,,0,0,0,0,2023-11-20 22:05:02.985666,,False,1,False,,,
18119,a5827039-c5e1-4ac9-82e8-1d107442a29b,291,SMS Conversation ,,CONVERSATION,,0,0,0,0,2023-11-21 07:05:05.79605,,False,1,False,,,
18177,d0518797-831f-4e38-bb5f-25b18d7d5f99,291,0000000000,,,18159,,0,0,0,2024-01-10 21:18:02.12083,2024-03-13 03:32:37.527426,False,0,False,,,
18185,328531f6-1b6b-433a-ac11-82cfa8a96b58,302,Uzbekistan,,,,,0,0,0,2024-01-10 21:45:11.884527,2025-04-14 12:03:49.393432,False,0,False,,,
18192,ce4b26d2-b571-4bbd-8b46-513a6d60f30a,302,Bahamas,,,,,0,0,0,2024-01-11 04:46:10.228788,2025-04-14 12:03:49.401827,False,0,False,,,
18202,46392fea-bf81-4463-bbc8-f39428a946b5,301,Headquarters,,,,,0,0,0,2024-01-12 00:16:55.061871,2024-04-10 22:22:00.925837,True,0,False,,,
18204,a7b734ab-10dc-4852-bb3b-d84cbb123802,301,Mailing Address,,,,,0,0,0,2024-01-12 00:16:55.378026,2024-04-10 22:20:57.439777,True,0,False,,,
18205,521f0e1d-6249-4d1f-a973-68fa798f0005,292,Rides + Call Center,,,,,0,0,0,2024-01-12 00:17:13.560203,2024-03-28 04:57:27.88035,True,0,False,,,
18206,85e9ab57-190f-4207-bce6-611c20baba7c,292,Rides,,,,,0,0,0,2024-01-12 00:17:14.278974,2024-03-28 04:57:21.289389,True,0,False,,,
18207,1971e7e6-a93c-433d-b356-52e37912d02d,292,Delivery,,,,,0,0,0,2024-01-12 00:17:15.905838,2024-04-01 02:59:46.323539,True,1,False,,,
18217,b5f66b5a-101e-4487-9dc9-b0b4777907ef,302,Bahrain,,,,,0,0,0,2024-01-12 04:00:09.696637,2025-04-14 12:03:49.396965,False,0,False,,,
18218,6499bcc5-78b9-4d62-9726-d4920cb0c4d1,302,Barbados,,,,,0,0,0,2024-01-12 04:08:59.197172,2025-04-14 12:03:49.398632,False,0,False,,,
18220,79075df7-5cfb-4cc2-8015-952a52bd2dcf,302,Iceland,,,,,0,0,0,2024-01-12 04:13:08.050359,2025-04-14 12:03:49.400309,False,0,False,,,
18226,9e2b24aa-7f3c-4d14-9023-d70d33d6026b,302,Bangladesh,,,,,0,0,0,2024-01-12 04:41:54.028112,2025-04-14 12:03:49.410997,False,0,False,,,
18234,81e42d81-1418-4d4e-b9f7-a2d164537dbd,290,Social Services,,,,,0,0,0,2024-01-15 04:53:42.383389,2024-01-15 04:53:42.383389,True,1,False,,,
18235,8a9e51e1-9394-4b69-b18b-a214930b25ad,290,Catholic Charities,,,,,0,0,0,2024-01-15 04:53:52.413916,2024-01-15 04:53:52.413916,True,1,False,,,
18236,f97dca64-137a-4eb4-b2d5-e435084ba8db,290,Senior Living,,,,,0,0,0,2024-01-15 04:53:55.291779,2024-01-15 04:53:55.291779,True,1,False,,,
18237,151b450a-e400-4a65-b903-6e1eaf9ff48d,290,Area Agency On Aging,,,,,0,0,0,2024-01-15 04:53:56.792028,2024-01-15 04:53:56.792028,True,1,False,,,
18238,ae13c09b-c5d9-4d87-b683-692cb3d85e46,290,CCRC,,,,,0,0,0,2024-01-15 04:53:57.618972,2024-01-15 04:53:57.618972,True,1,False,,,
18257,8809cd7c-c16b-49e7-9d15-47b4bead5ebb,305,Low,,,,,0,0,0,2024-01-17 07:06:46.570308,2024-01-17 07:06:46.570308,True,0,False,,,
18258,2193c811-5e9e-4856-9ff0-8a5953369d81,305,Medium,,,,,0,0,0,2024-01-17 07:06:46.670413,2024-01-17 07:06:46.670413,True,0,False,,,
18259,3e02a169-3838-44ad-a573-9564856e25c0,305,High,,,,,0,0,0,2024-01-17 07:06:46.755632,2024-02-20 02:38:12.782843,True,0,False,,,
18364,291616e0-fc55-4003-87d0-368d47fd6ee8,292,Sponsorship Opportunity,,,,,0,0,0,,,False,1,False,,,
18365,1a73b311-d99f-460f-8c3c-6d8674348582,292,Call Center Service,,,,,0,1,0,,2024-04-01 03:53:46.948384,False,1,False,,,
18366,82076664-ca49-4381-9790-b257f6527a95,291,Update Organization,UPDATE_VDP_NONPROFIT,UPDATE_VDP_NONPROFIT,,0,0,0,0,2024-02-28 01:16:51.542668,2024-05-23 22:23:35.648563,True,1,False,,,
18367,84bf9f10-4ed8-481c-a802-bd202841264a,291,Create Nonprofit,CREATE_VDP_NONPROFIT,CREATE_VDP_NONPROFIT,,0,0,0,0,2024-02-28 01:16:51.542668,2024-02-28 01:16:51.542668,False,1,False,,,
18368,e077e671-6cad-4f35-8885-2d99b0605ed6,291,Delete Nonprofit,DELETE_VDP_NONPROFIT,DELETE_VDP_NONPROFIT,,0,0,0,0,2024-02-28 01:16:51.542668,2024-02-28 01:16:51.542668,False,1,False,,,
18369,9da54a36-ed85-4b8f-a08f-eda0d2f7c9a9,291,Update Cars Program,UPDATE_CARS_PROG,UPDATE_CARS_PROG,,0,0,0,0,2024-02-28 01:16:51.542668,2024-02-28 01:16:51.542668,False,1,False,,,
18370,9fa16c6a-b7e8-4322-83ee-e52fcdc88057,291,Create Cars Program,CREATE_CARS_PROG,CREATE_CARS_PROG,,0,0,0,0,2024-02-28 01:16:51.542668,2024-02-28 01:16:51.542668,False,1,False,,,
18371,4dc61575-d84a-4656-9ad2-cbe96c7b574e,291,Delete Cars Program,DELETE_CARS_PROG,DELETE_CARS_PROG,,0,0,0,0,2024-02-28 01:16:51.542668,2024-02-28 01:16:51.542668,False,1,False,,,
18372,52511d64-54bc-4d6e-ad35-187731defdfc,291,Update Cars Program Website,UPDATE_PROG_WEBSITE,UPDATE_PROG_WEBSITE,,0,0,0,0,2024-02-28 01:16:51.542668,2024-02-28 01:16:51.542668,False,1,False,,,
18373,b912dbf7-2cac-47b5-9402-30c0db95d84d,291,Create Cars Program Website,CREATE_PROG_WEBSITE,CREATE_PROG_WEBSITE,,0,0,0,0,2024-02-28 01:16:51.542668,2024-02-28 01:16:51.542668,False,1,False,,,
18374,5270f7f8-cd2f-456e-a32d-a6b1c93605cd,291,Delete Cars Program Website,DELETE_PROG_WEBSITE,DELETE_PROG_WEBSITE,,0,0,0,0,2024-02-28 01:16:51.542668,2024-02-28 01:16:51.542668,False,1,False,,,
18375,71467783-953a-4bee-b740-cdc2990c2b43,720,Fee Charged,,,,,0,0,0,2022-03-17 14:27:23.44511,2024-04-01 01:47:31.791989,False,1,False,,,
18376,9e27fcee-c9cf-4856-976b-0bed68621bae,720,Invoice,,,,,0,1,0,2022-03-17 14:27:10.212977,2024-04-01 01:48:56.838402,False,1,False,,,
18377,514cc130-b211-44b6-83d3-2df6a253478d,720,Sale,,,,,0,0,0,2022-03-17 14:26:43.77602,2024-04-01 01:47:16.864392,False,1,False,,,
18378,9f6c0e88-57f0-4022-ba10-f01b89f1c502,720,Lien,,,,,0,0,0,2022-03-17 14:26:24.513746,,False,1,False,,,
18379,1ca2565e-5a84-43d4-bb14-003069c1c30a,720,Registration,,,,,0,0,0,2022-03-17 14:26:09.181131,,False,1,False,,,
18380,e43a35c8-2077-4ae5-8b50-82dcc8cb58e5,720,Title,,,,,0,0,0,2022-03-17 14:25:51.440182,,False,1,False,,,
18453,ffe91d8c-9238-447d-9072-4698b2c66388,291,Note Added,ENTITY_NOTE_ADDED,ENTITY_NOTE_ADDED,,0,0,0,0,2024-03-05 01:02:54.735328,2024-03-05 01:02:54.735328,True,1,False,,,
18455,252216ef-fffe-4866-b1ac-48c38c7bece8,291,OLD Note Deleted,ENTITY_NOTE_DELETED,ENTITY_NOTE_DELETED,,0,0,0,0,2024-03-05 19:52:38.479198,2025-12-15 13:09:48.815045,True,1,False,,,
18479,792c3814-7aea-4a7c-83fe-d54218d651f3,291,adsfsdf 123,,,,,0,0,0,2024-03-13 03:22:15.772046,2024-03-13 03:22:32.812799,False,0,False,,,
18482,b50213d9-7942-47a8-a9c3-bf8869008cfc,376,DCH,DCH,DCH,,,0,0,0,2024-03-13 04:02:56.360867,2024-03-13 04:02:56.360867,False,1,False,,,
18483,70e16d64-afb4-429b-9553-0cd691e44272,376,House,House,House,,,0,0,0,2024-03-13 04:02:56.360867,2024-03-13 04:02:56.360867,False,1,False,,,
18484,7b5f20ce-9699-4a84-8ade-70b6657221a6,376,IAA,IAA,IAA,,,0,0,0,2024-03-13 04:02:56.360867,2024-03-13 04:02:56.360867,False,1,False,,,
18485,38b3e29c-1641-4df0-853f-3ce5f6f037d5,376,VDAC,VDAC,VDAC,,,0,0,0,2024-03-13 04:02:56.360867,2024-03-13 04:02:56.360867,False,1,False,,,
18486,4bb325f9-fa66-44ff-8631-1d1561fc97b7,376,VFC,VFC,VFC,,,0,0,0,2024-03-13 04:02:56.360867,2024-03-13 04:02:56.360867,False,1,False,,,
18657,705f98e8-d067-4fe6-af3d-a5c4e9b12198,290,Non-broadcast Nonprofit,,,,,0,0,0,,,True,1,False,,,
18658,fff06284-4983-49ba-b18d-991a5bc94f24,290,National - No Chapters,,,,0,0,0,0,2020-04-01 03:20:17,2025-11-10 03:03:08.608041,True,1,False,,,
18659,8dce9a65-9806-49ad-bcce-873a57fa1a34,290,National - Small Chapters,,,,0,0,0,0,2020-04-01 03:20:17,2025-11-10 03:03:08.612224,True,1,False,,,
18661,0f8a1de0-ab30-4a33-9fd1-7b26832e7f9f,290,Broadcaster  - Faith-Based,,,,0,0,0,0,2020-04-01 03:20:17,2025-11-10 03:03:08.603653,True,1,False,,,
18681,2d65eb32-0411-484e-a7a1-c2435019a364,287,"(GMT+02:00) Harare, Pretoria (South Africa)",Africa/Harare,,,38,,1,0,2015-08-17 12:26:40,2025-12-19 05:29:55.818913,True,1,False,,,
18695,c8222a28-7a70-46eb-a124-b7f6e276a6d9,297,Fax,,,,0,0,0,0,2019-03-07 00:08:51,2025-11-10 03:03:08.812039,True,1,False,,,
18708,0518e7ee-f88a-4bfb-b18c-507f8660efd0,302,Israel,,,,,0,0,0,2024-03-27 04:33:32.293015,2025-04-14 12:03:49.40474,True,0,False,,,
18710,2f8f26b1-f388-448d-85e3-b8c854a795bf,302,Brazil,,,,,0,0,0,2024-03-27 04:40:35.932217,2025-04-14 12:03:49.406428,True,0,False,,,
18716,1852aca5-d4be-4e25-900f-ef5e5f5bb627,302,Switzerland,,,,,0,0,0,2024-03-27 04:46:24.911252,2025-04-14 12:03:49.407991,True,0,False,,,
18717,82f9432c-c028-4210-998d-9a10c01ccfb4,290,Public Media - Radio News,,,,0,0,0,0,2020-04-01 03:20:17,2025-11-10 03:03:08.65087,True,1,False,,,
18718,2c4b7336-b405-4953-9585-15daf8bba39b,290,Public Media - Radio Jazz,,,,0,0,0,0,2020-04-01 03:20:17,2025-11-10 03:03:08.646066,True,1,False,,,
18719,254f8a90-7daa-4aed-8512-be3797133475,290,Public Media - Radio Community,,,,0,0,0,0,2020-04-01 03:20:17,2025-11-10 03:03:08.641969,True,1,False,,,
18720,7a52a830-ff95-4299-956a-0d37f7061e83,290,Public Media  - Joint Licensee Radio And Music,,,,,0,0,0,2024-03-27 05:43:29.970306,2024-03-27 05:43:29.970306,True,1,False,,,
18721,81ede6e8-5d25-4e74-8f33-2b4307f12752,301,Billing Address,,,,,0,0,0,2024-03-27 05:44:54.622746,2024-04-10 21:51:41.843001,True,0,False,,,
18722,1442a982-63da-4991-a7db-44654f6ce4c2,290,Public Media - Radio News/Classical,,,,0,0,0,0,2020-04-01 03:20:17,2025-11-10 03:03:08.66,True,1,False,,,
18723,c6587fe3-4df9-4148-8bce-d7933fc81b63,290,Public Media - Radio News/Jazz,,,,0,0,0,0,2020-04-01 03:20:17,2025-11-10 03:03:08.664823,True,1,False,,,
18724,e8a994bf-81d0-43d3-bcc9-029d2eb76667,290,Public Media - Radio News/AAA,,,,0,0,0,0,2020-04-01 03:20:17,2025-11-10 03:03:08.655615,True,1,False,,,
18727,a1dbd898-f57c-4136-b6b2-b54a4f2c1f50,290,Public Media - Program/Producer/Podcast,,,,0,0,0,0,2021-07-07 20:59:46,2025-11-10 03:03:08.669401,True,1,False,,,
18728,38d21c32-5dce-4114-87a3-85c46bf530e2,290,Public Media - Radio AAA,,,,0,0,0,0,2020-04-01 03:20:17,2025-11-10 03:03:08.633764,True,1,False,,,
18732,a365d27c-1547-4583-8dbf-e15b56e7240c,290,Public Media  - Joint Licensee Radio/News,,,,0,0,0,0,2020-04-01 03:20:17,2025-11-10 03:03:08.624786,True,1,False,,,
18733,df49486a-8773-47df-96bd-9dcc83715137,290,Public Media - Radio Classical,,,,0,0,0,0,2020-04-01 03:20:17,2025-11-10 03:03:08.638041,True,1,False,,,
18734,1f5a66d2-87c9-45ce-859b-09750d1850aa,290,Public Media  - Joint Licensee Radio/Music,,,,0,0,0,0,2020-04-01 03:20:17,2025-11-10 03:03:08.620751,True,1,False,,,
18737,324ec13b-3fa3-4044-a09a-de3b9d57e868,290,Test,,,,0,1,0,0,2020-01-14 19:02:42,2025-11-10 03:03:08.594945,True,0,False,,,
18739,b0baf88e-47dd-473f-b29e-3f07978886a4,288,100,,,,0,0,0,0,2016-08-09 15:55:51,2025-11-10 03:03:08.461649,True,1,False,,,
18740,9ad2defd-5ff6-4a6d-a7f4-e825295f22bf,288,5,,,,0,0,0,0,2016-08-09 15:55:46,2025-11-10 03:03:08.457525,True,1,False,,,
18741,7d17815f-e2fd-4315-a280-4867e1941df6,376,"CDP,IAA",,,,,0,0,0,2024-03-27 09:08:41.022971,2024-03-27 09:08:41.022971,True,1,False,,,
18744,59f7248b-0d38-4f2f-88bb-6621955a42d5,305,In Review,,,,0,0,0,0,2020-02-12 18:23:10,2025-11-10 03:03:17.738503,True,1,False,,,
18747,4bdf8144-36d4-40e6-a1e7-5f5dc89bd290,291,Task Completed,,,,0,0,0,0,2017-01-09 07:55:27,2025-11-10 03:03:19.360248,True,1,False,,,
18748,9abcd0e2-f129-4914-8c8a-513ed1e01186,291,Call - Onboarding,crmsales,,,0,0,0,0,2020-01-14 22:27:28,2025-11-10 03:03:19.752762,True,1,False,,,
18749,f33a6899-6f04-42b7-bf3f-5177b0bd9a19,291,Call - Program Review,crmsales,,,0,0,0,0,2020-01-14 22:26:40,2025-11-10 03:03:19.737503,True,1,False,,,
18750,21821c11-5865-4511-99c9-4bb1a62da06e,291,Call - Real Estate,crmsales,,,0,0,0,0,2021-08-31 19:47:45,2025-11-10 03:03:19.813542,True,1,False,,,
18751,58fb3be8-b91e-41bd-99e7-755c9d560b95,291,Call - Donor Issue,crmsales,,,0,0,0,0,2020-01-14 22:27:03,2025-11-10 03:03:19.745246,True,1,False,,,
18752,7757effe-18d1-4945-ae29-deb1d366bdf9,291,Call - Check-in,crmsales,,,0,0,0,0,2020-01-14 22:26:51,2025-11-10 03:03:19.741433,True,1,False,,,
18753,251cf60c-a9bd-43f4-8c32-b503982c7e26,291,Thank You Letter Emailed,,THANK_YOU_LETTER_EMAILED,,0,1,0,0,2018-08-02 05:38:45,2025-11-10 03:03:19.704454,True,1,False,,,
18754,5234072e-2f4c-40f3-8c64-b5e8b1288ae8,291,Account Update,crmsales,,,0,0,0,0,2020-01-02 23:49:36,2025-11-10 03:03:19.7246,True,1,False,,,
18755,7636ce7d-64a7-46b0-9e14-44377a507b47,291,Processed As A Nonprofit,,,,0,0,0,0,2017-03-28 18:48:23,2025-11-10 03:03:19.368978,True,1,False,,,
18760,70b486dd-7068-443f-9f36-7021b98607a9,291,Call - Reporting and System Use,crmsales,,,0,0,0,0,2020-01-14 22:27:17,2025-11-10 03:03:19.748971,True,1,False,,,
19631,b989748f-63f4-491c-89d0-ada0ea9585a3,301,new Option,,,,,0,0,0,2024-05-20 00:10:18.550229,2024-05-20 04:15:16.842613,True,0,False,,,
19633,7331065e-7aba-4bae-ae29-c79e74b8d587,301,tretehyr655,,,,,0,0,0,2024-05-20 04:13:24.270152,2024-05-20 04:14:13.059686,True,0,False,,,
20606,763e5a58-f4ea-442b-9612-e8d8534ecfa4,381,Children,,,,,0,0,0,2024-06-20 02:39:07.965012,2024-06-20 02:39:07.965012,False,0,False,,,
20652,34c6616b-feab-4bc2-9655-d4344874f931,383,Cold call,,,,,0,0,0,2024-08-21 03:37:32.122865,2024-08-21 03:37:32.122865,True,0,False,,,
20653,8cb9abe1-3cd4-4be8-91a2-8680e5a62035,383,Import,,,,,0,0,0,2024-08-21 03:37:32.122865,2024-08-21 03:37:32.122865,True,0,False,,,
20654,994d4ab1-79bd-473c-ad77-6b66563bc3fb,383,Referral,,,,,0,0,0,2024-08-21 03:37:32.122865,2024-08-21 03:37:32.122865,True,0,False,,,
20655,dad85188-a0ba-4c01-a91e-51d085c09447,383,Trade show,,,,,0,0,0,2024-08-21 03:37:32.122865,2024-08-21 03:37:32.122865,True,0,False,,,
20656,46e6683d-dcd8-4171-ade3-7f5e7f8e9da3,383,Website,,,,,0,0,0,2024-08-21 03:37:32.122865,2024-08-21 03:37:32.122865,True,0,False,,,
20657,63ff30c0-e6ae-485c-8cd9-a25fe4725fcd,383,Email,,,,,0,0,0,2024-08-21 03:37:32.122865,2024-08-21 03:37:32.122865,True,0,False,,,
20658,a065110a-9967-408c-95a1-41ba47736da4,381,Human Services,,,,,0,0,0,2024-08-21 05:30:54.3541,2024-08-21 05:30:54.3541,True,0,False,,,
20659,9e922e37-9cda-4f9b-92de-7f60b7ef9e34,382,Non-Broadcast Nonprofit,,,,,0,0,0,2024-08-21 05:30:54.361647,2024-08-21 05:30:54.361647,True,0,False,,,
20660,6fa30ddc-c875-4619-a998-c8b6dc84ef33,381,Religion,,,,,0,0,0,2024-08-21 05:33:16.849253,2024-08-21 05:33:16.849253,True,0,False,,,
20661,44afdd0e-12cf-44a9-ad20-0575df05d58d,381,Public Media,,,,,0,0,0,2024-08-21 05:33:16.872465,2024-08-21 05:33:16.872465,True,0,False,,,
20662,f1d12b85-8646-4d86-bfc0-39754e85f96a,382,Public Media - Radio News/Jazz,,,,,0,0,0,2024-08-21 05:33:16.87668,2024-08-21 05:33:16.87668,True,0,False,,,
20663,0b626a6a-48b5-4453-9684-50434f735394,381,"Public, Societal Benefit",,,,,0,0,0,2024-08-21 05:33:16.911709,2024-08-21 05:33:16.911709,True,0,False,,,
20664,e8cf823c-78a8-45ce-8a06-9f41ca1466d6,381,Other,,,,,0,0,0,2024-08-21 06:00:03.592445,2024-08-21 06:00:03.592445,True,0,False,,,
20665,2b1e1dad-527f-49b9-afb2-88b44657b14f,382,Public Media - Radio News,,,,,0,0,0,2024-08-21 06:00:03.621705,2024-08-21 06:00:03.621705,True,0,False,,,
20666,094d376a-9204-4264-a1bb-1d55b3dc5f56,382,National - Small Chapters,,,,,0,0,0,2024-08-21 06:00:03.639722,2024-08-21 06:00:03.639722,True,0,False,,,
20667,b2ca32a5-1fe4-492a-8722-7563d196017c,381,Military Support,,,,,0,0,0,2024-08-21 06:00:03.686533,2024-08-21 06:00:03.686533,True,0,False,,,
20668,c1cc8cdf-ecbd-4c87-a206-c55026e26150,382,Public Media - Radio News/AAA,,,,,0,0,0,2024-08-21 06:00:03.725326,2024-08-21 06:00:03.725326,True,0,False,,,
20669,3a979ac8-45d2-4a7b-90ad-bb53140ae232,382,Public Media - Radio Community,,,,,0,0,0,2024-08-21 06:00:03.792806,2024-08-21 06:00:03.792806,True,0,False,,,
20670,452fc5d6-5869-425c-a886-3d991567b670,382,Broadcaster - Faith-Based,,,,,0,0,0,2024-08-21 06:00:03.812135,2024-08-21 06:00:03.812135,True,0,False,,,
20671,71db4e7f-2c2e-41fd-864a-fbf5825a00d3,382,Public Media - Radio Classical,,,,,0,0,0,2024-08-21 06:00:03.829215,2024-08-21 06:00:03.829215,True,0,False,,,
20672,293c9813-4afe-4057-8165-90428e985920,382,National - No Chapters,,,,,0,0,0,2024-08-21 06:00:03.914841,2024-08-21 06:00:03.914841,True,0,False,,,
20673,20ff592b-52bb-4632-8d27-73b98b8cd6e6,382,Public Media - Joint Licensee Radio/News,,,,,0,0,0,2024-08-21 06:00:03.98711,2024-08-21 06:00:03.98711,True,0,False,,,
20674,f1e1f7a1-c0e0-4a66-9db1-a740f7dddcf5,382,Public Media - Radio AAA,,,,,0,0,0,2024-08-21 06:00:04.092188,2024-08-21 06:00:04.092188,True,0,False,,,
20675,0f46f7a6-3a9c-4429-80f9-48312cd62473,382,Public Media - Radio Jazz,,,,,0,0,0,2024-08-21 06:00:04.268902,2024-08-21 06:00:04.268902,True,0,False,,,
20676,89811a58-102f-4b99-85da-1882fb1b5b13,382,Public Media - Radio News/Classical,,,,,0,0,0,2024-08-21 06:00:04.481952,2024-08-21 06:00:04.481952,True,0,False,,,
20677,b0ecbd5b-d1d0-4e88-a342-b67a93b088e7,382,Public Media - Joint Licensee Radio/Music,,,,,0,0,0,2024-08-21 06:00:04.720989,2024-08-21 06:00:04.720989,True,0,False,,,
20678,5383f07f-f553-46ef-be96-9362d5b6d25d,381,Education And Research,,,,,0,0,0,2024-08-21 06:00:05.718179,2024-08-21 06:00:05.718179,True,0,False,,,
20679,1be8c62b-360e-4303-93fb-29942b8e9845,381,"Arts, Culture And Humanities",,,,,0,0,0,2024-08-21 06:00:06.272905,2024-08-21 06:00:06.272905,True,0,False,,,
20680,962d9c85-2b00-4686-8653-300bff4c5b68,291,Create Program Website,CREATE_PROG_WEBSITE,CREATE_PROG_WEBSITE,,0,0,0,0,2024-08-26 23:44:29.152251,,True,1,False,,,
20681,fb96b57b-bb58-4d10-bbef-a6885e98e000,291,Update Program Website,UPDATE_PROG_WEBSITE,UPDATE_PROG_WEBSITE,,0,0,0,0,2024-08-26 23:44:29.156788,,True,1,False,,,
20682,3c202822-ba77-4d92-915d-8ac96701ce3d,291,Delete Program Website,DELETE_PROG_WEBSITE,DELETE_PROG_WEBSITE,,0,0,0,0,2024-08-26 23:44:29.158437,,True,1,False,,,
20686,f3765a60-3114-46d1-9414-e89b13cc7a2b,384,VDP,,,,,,0,0,2024-08-29 05:12:42.406473,2024-08-29 05:12:42.406473,True,1,False,,,
20687,1ebfcab6-dad1-4196-a452-ccf347284498,384,OTG,,,,,,0,0,2024-08-29 05:12:42.406473,2024-08-29 05:12:42.406473,True,0,False,,,
20688,4d252eff-4f57-4895-a1c6-bd21661ba3d9,384,Giving Property,,,,,,0,0,2024-08-29 05:12:42.406473,2024-08-29 05:12:42.406473,True,0,False,,,
20689,be65afe1-6e41-47e6-9c17-21758acade60,384,Giving Agency,,,,,,0,0,2024-08-29 05:12:42.406473,2024-08-29 05:12:42.406473,True,0,False,,,
20699,8e86bdaa-e09b-4cbf-bfd8-166e95a80932,291,Note Updated,ENTITY_NOTE_UPDATED,ENTITY_NOTE_UPDATED,,0,0,0,0,2024-09-05 04:17:36.537285,2024-09-05 04:17:36.537285,True,1,False,,,
20701,557c8fbb-de36-4655-b963-cf73211553a2,384,Unassigned,UNASSIGNED,UNASSIGNED,,0,0,0,0,2024-09-05 04:36:54.705107,2024-09-05 04:36:54.705107,True,0,False,,,
20779,b1ec813d-5547-4ad8-8200-350c923669f9,291,Automation Process Executed,AUTOMATION_PROCESS_EXECUTED,AUTOMATION_PROCESS_EXECUTED,,0,0,0,0,2025-02-14 02:57:45.808805,,True,0,False,,,
20795,3b11c64a-e8ee-45e0-972b-b3cfaef11bea,291,Mass Mail Conversation,Mass Mail Conversation,MASS_MAIL_CONVERSATION,,0,1,0,0,,,True,1,False,,,
20806,fad7e141-9c8a-4baf-9ca0-e7784a9e79a3,291,Document Added,DOCUMENT_ADDED,DOCUMENT_ADDED,,0,0,0,0,2025-03-12 00:25:54.97062,,True,1,False,,,
20807,959c08c6-a0b1-4f89-8b3d-d163f17ad666,291,Document Updated,DOCUMENT_UPDATED,DOCUMENT_UPDATED,,0,0,0,0,2025-03-12 00:25:54.975553,,True,1,False,,,
20808,56d77e51-d58f-46b3-8d2c-014c0533ec49,291,Document Deleted,DOCUMENT_DELETED,DOCUMENT_DELETED,,0,0,0,0,2025-03-12 00:25:54.977534,,True,1,False,,,
20809,452df0bb-f9ff-47bf-9c94-039beb8a6168,291,Lead Added,LEAD_ADDED,LEAD_ADDED,,0,0,0,0,2025-03-12 00:25:54.979691,,True,1,False,,,
20810,c78cb460-fa52-4610-b4a1-2b19d4509af4,291,Lead Updated,LEAD_UPDATED,LEAD_UPDATED,,0,0,0,0,2025-03-12 00:25:54.981727,,True,1,False,,,
20811,211d578f-ddbf-438e-b67f-d5d182bc7af1,291,Lead Deleted,LEAD_DELETED,LEAD_DELETED,,0,0,0,0,2025-03-12 00:25:54.983881,,True,1,False,,,
20812,03e9521e-7d38-43bd-a54b-9d37839c6a01,291,Converted Lead,LEAD_CONVERSION,LEAD_CONVERSION,,0,0,0,0,2025-03-12 00:25:54.985979,,True,1,False,,,
20847,537909f7-7b34-42db-b9d2-4470de2bce6e,289,Email,,,,6,,0,0,2015-08-17 12:26:40,2025-11-10 03:03:08.513396,False,1,False,,,
20871,0a6065b8-a67b-4ba4-83fb-7bd989d97937,389,Goodwill Industries Southeastern Wisconsin/Metropolitan Chicago,,,,0,0,0,0,2019-01-22 19:37:42,2025-11-10 03:03:07.825519,False,1,False,,,
20872,8a857ccc-874d-48f9-8e77-816439284581,391,Donor Inactivity Cancellation,,DONOR_INACTIVITY_CANCELLATION,,0,1,0,0,2019-01-24 00:32:56,2025-11-10 03:03:08.013599,False,1,False,,,
20873,df251c41-c89c-4a62-955a-7bb22f198f2e,391,Gifted to Family/Friend,,GIFTED_TO_FAMILY,,0,1,0,0,2019-01-24 00:32:56,2025-11-10 03:03:08.018539,False,1,False,,,
20874,ffb97d9e-006a-403a-948a-3ba202e2210d,391,Donated Elsewhere,,DONATED_ELSEWHERE,,0,1,0,0,2019-01-24 00:32:56,2025-11-10 03:03:08.023304,False,1,False,,,
20875,72a36cf3-56a5-4e02-bf1a-88a814632be5,391,Sold Vehicle,,SOLD_VEHICLE,,0,1,0,0,2019-01-24 00:32:56,2025-11-10 03:03:08.028029,False,1,False,,,
20876,7af16659-8226-4caf-a488-addbafe1cc0f,391,Donor unwilling/unable to proceed,,DONOR_UNWILLING,,0,1,0,0,2019-01-24 00:32:56,2025-11-10 03:03:08.032576,False,1,False,,,
20877,8da4ec16-0752-4dbb-8a66-5391b6736885,391,Donating isn’t for me,,DONATING_ISNT_FOR_ME,,0,1,0,0,2019-01-24 00:32:56,2025-11-10 03:03:08.036874,False,1,False,,,
20878,8d6583d7-08f8-4999-bafd-16deecc85bac,391,Undisclosed/Unknown,,UNDISCLOSED_UNKNOWN,,0,1,0,0,2019-01-24 00:32:56,2025-11-10 03:03:08.04138,False,1,False,,,
20879,ce919e5b-2257-4004-86dc-b07ae0f90185,391,Duplicate Record,,,,0,0,0,0,2019-02-04 20:41:01,2025-11-10 03:03:08.045385,False,1,False,,,
20880,c4ed2eb2-ff41-4191-bf1d-44ffaf6f0ce3,391,Decided to Keep Vehicle,,,,0,0,0,0,2019-03-06 19:42:57,2025-11-10 03:03:08.049402,False,1,False,,,
20881,24799237-1a10-4ad9-8f9d-38533ee0b3fc,391,Lead Converted,,LEAD_CONVERTED,,0,1,0,0,2019-03-07 01:05:28,2025-11-10 03:03:08.053728,False,1,False,,,
20882,d49ada0d-5d14-4f2e-8c3d-540a688ed973,391,Seeking for a Donated Vehicle,,,,0,,0,0,2023-08-03 16:56:03,2025-11-10 03:03:08.058039,False,1,False,,,
20883,59ac40d8-c221-47ad-9b89-8758a0337619,391,Automatic callback cancellation,,AUTOMATIC_CALLBACK_CANCELLATION,,0,1,0,1,2024-03-12 00:41:16,2025-11-10 03:03:08.061828,False,1,False,,,
20884,651db851-85b0-4d9b-b48b-ffb2a26bdff8,288,50,,,,0,0,0,0,2016-08-09 15:55:09,2025-11-10 03:03:08.439921,False,1,False,,,
20885,efbe8b0d-9bbd-4e6c-87d5-cc9779ea32f5,288,2,,,,0,0,0,0,2016-08-09 15:55:15,2025-11-10 03:03:08.443894,False,1,False,,,
20886,abb074b1-c33d-478c-895a-6606ddf8ff19,288,14668,,,,0,0,0,0,2016-08-09 15:55:28,2025-11-10 03:03:08.447868,False,1,False,,,
20887,c23a6756-c2f5-4d79-9748-8476bc33022f,288,680,,,,0,0,0,0,2016-08-09 15:55:38,2025-11-10 03:03:08.452777,False,1,False,,,
20888,b122c680-858f-4eb3-a927-7da9b8a2f860,288,10,,,,0,0,0,0,2016-08-09 15:55:57,2025-11-10 03:03:08.465586,False,1,False,,,
20889,718a8fd1-6498-4eb2-b4b2-a48d75f96848,289,Meals on Wheels America National Conference,,,,0,0,0,0,2022-09-07 16:56:41,2025-11-10 03:03:08.471646,False,1,False,,,
20890,fb95fd96-c839-4b5e-81e1-f88c19ab7b16,289,National Charity Services,,,,0,0,0,0,2022-09-21 18:23:57,2025-11-10 03:03:08.476691,False,1,False,,,
20891,b2de61ed-96b6-4ff2-8f24-e8ee1d28025f,289,NIO Summit,,,,0,0,0,0,2021-10-15 20:52:27,2025-11-10 03:03:08.481639,False,1,False,,,
20892,d433c19b-5830-4294-a681-6f975d343b5c,289,Donation Line,,,,0,1,0,0,2021-12-15 22:46:34,2025-11-10 03:03:08.486286,False,1,False,,,
20893,fc936494-f83c-4d63-a7b9-4b91eca9b537,289,Cold call,,,,1,,0,0,2015-08-17 12:26:40,2025-11-10 03:03:08.490852,False,1,False,,,
20894,97ca2525-3c22-47c5-ab72-79df5c7980be,289,Import,,,,2,,0,0,2015-08-17 12:26:40,2025-11-10 03:03:08.495534,False,1,False,,,
20895,1508e851-597c-49eb-ae00-60fdd03db417,289,Referral,,,,3,,0,0,2015-08-17 12:26:40,2025-11-10 03:03:08.500275,False,1,False,,,
20896,17c627f9-428f-44c4-abc8-ba1937d3adb7,289,Trade show,,,,4,,0,0,2015-08-17 12:26:40,2025-11-10 03:03:08.504647,False,1,False,,,
20897,e03ec2a6-67a6-425d-9182-a74fca54f704,289,Website,,,,5,,0,0,2015-08-17 12:26:40,2025-11-10 03:03:08.508969,False,1,False,,,
20898,092a448b-56f7-4a95-8f22-199ce5c13074,289,Inbound Facebook,,,,0,0,0,0,2016-08-09 08:32:38,2025-11-10 03:03:08.517482,False,1,False,,,
20899,e7a26b9b-e674-4236-8961-14056e34d1be,289,Cause Network,,,,0,0,0,0,2022-03-04 19:26:14,2025-11-10 03:03:08.521266,False,1,False,,,
20900,93ed3fcf-69ba-4450-93d3-eb0e150398a4,289,Make A Wish,,,,0,0,0,0,2017-10-24 16:07:07,2025-11-10 03:03:08.525147,False,1,False,,,
20901,8794e654-7605-4fc1-9c8b-fc2d1d26458b,289,Momentum Conference,,,,0,0,0,0,2017-09-12 19:00:28,2025-11-10 03:03:08.529319,False,1,False,,,
20902,22681f4c-f467-46ae-9e5a-1987fad857f8,289,NCFB Conference,,,,0,0,0,0,2017-09-12 19:00:40,2025-11-10 03:03:08.533665,False,1,False,,,
20903,d30848c4-1bbf-4a73-9f33-ed0edaf30932,289,Engage For Good,,,,0,0,0,0,2017-06-05 19:56:36,2025-11-10 03:03:08.538114,False,1,False,,,
20904,11e28b66-7b0d-49e3-a14a-d044eadf7309,289,AFP,,,,0,0,0,0,2017-06-14 15:49:54,2025-11-10 03:03:08.542597,False,1,False,,,
20905,ce4c40d1-df1a-433b-b171-1cb07590200a,289,Best Friends Conference,,,,0,0,0,0,2017-07-17 17:18:20,2025-11-10 03:03:08.547324,False,1,False,,,
20906,5ff92a56-f61c-4b16-8ecc-c77efe106950,289,CDEZ,,,,0,0,0,0,2017-07-19 20:05:27,2025-11-10 03:03:08.551231,False,1,False,,,
20907,797f8c06-a912-4418-a5a4-d438206cb761,289,NRB,,,,0,0,0,0,2017-07-28 17:57:15,2025-11-10 03:03:08.5555,False,1,False,,,
20908,0ae3b795-8579-4589-9817-2743c3567f3b,289,ASA Conference,,,,0,0,0,0,2018-03-30 23:10:34,2025-11-10 03:03:08.560271,False,1,False,,,
20909,14d6fe9f-6861-4dea-8a77-4d9b9453b20b,289,Catholic Charities,,,,0,0,0,0,2017-09-28 16:20:53,2025-11-10 03:03:08.564558,False,1,False,,,
20910,5d77620f-fe81-4dd5-98d9-4c918f9b0714,289,KBB,,,,0,0,0,0,2019-11-05 17:35:56,2025-11-10 03:03:08.568405,False,1,False,,,
20911,5909dd90-51d1-42a0-a7ac-ecbb50d2f834,289,CDP,,,,0,0,0,0,2018-06-27 20:53:00,2025-11-10 03:03:08.572242,False,1,False,,,
20912,6013ef89-c9e8-4c67-b3a6-c3456b5e0ebd,289,IAA,,,,0,0,0,0,2018-06-27 20:53:10,2025-11-10 03:03:08.576694,False,1,False,,,
20913,a6f536fb-4e8b-4e3e-abfc-91cad49ee0a0,289,VDAC,,,,0,0,0,0,2018-08-28 20:05:18,2025-11-10 03:03:08.580751,False,1,False,,,
20914,a6981d47-51f4-4577-97d8-413db9a4399c,289,NJHSA,,,,0,0,0,0,2019-03-31 19:37:58,2025-11-10 03:03:08.584661,False,1,False,,,
20915,989dbffc-0166-4633-9a0a-2e8db4ad26e9,289,IAA Transfer,,,,0,0,0,0,2020-10-07 19:26:57,2025-11-10 03:03:08.58911,False,1,False,,,
20916,b9ad7440-a56a-4ed8-8284-5e091696d790,290,Non-Profit,,,,0,1,0,1,2020-01-09 01:47:18,2025-11-10 03:03:08.599346,False,1,False,,,
20917,7d181d1e-74f1-4782-9f1f-adc34c8692f0,290,Non-broadcast nonprofit,,,,0,0,0,0,2020-04-01 03:20:17,2025-11-10 03:03:08.616459,False,1,False,,,
20918,3ab1cddb-115e-4d60-8703-d6a5de5c68f3,290,Public Media  - TV,,,,0,0,0,0,2020-04-01 03:20:17,2025-11-10 03:03:08.629273,False,1,False,,,
20919,246a5b5f-782c-4566-8896-491cf552af3b,290,Public Media  - Joint Licensee Radio/TV,,,,0,0,0,0,2024-04-03 21:43:17,2025-11-10 03:03:08.674094,False,1,False,,,
20920,a6db28cf-8218-4a65-b7d8-9aafb1ddb34e,292,Indition CRA,,,,0,,0,0,2015-09-10 19:25:41,2025-11-10 03:03:08.680223,False,1,False,,,
20921,017fdf20-3e0c-42a3-a2bc-144837a776a1,292,Indition Sales CRM,,,,0,,0,0,2015-09-10 19:26:08,2025-11-10 03:03:08.684847,False,1,False,,,
20922,92208446-627c-4cc8-9cf2-4e03cdcf1d0d,292,Indition eCommerce,,,,0,,0,0,2015-09-10 19:26:08,2025-11-10 03:03:08.694508,False,1,False,,,
20923,96870ba4-48aa-41cb-836e-e0b792d51e9c,292,Mobile Event Apps,,,,0,,0,0,2015-09-10 19:26:08,2025-11-10 03:03:08.69951,False,1,False,,,
20924,c69806bc-7c66-481f-bc67-b0738714d099,392,Subcontractor,,,,0,,0,0,2015-09-11 12:37:51,2025-11-10 03:03:08.705202,False,1,False,,,
20925,b3d83f82-ef54-4f1f-b284-c4edf25c9442,392,Primary Vendor,,,,0,,0,0,2015-09-11 12:39:03,2025-11-10 03:03:08.710163,False,1,False,,,
20926,28ce294f-4bb8-40e6-87ec-66fce784514b,294,Explore,,,,0,,0,0,2015-09-14 13:39:18,2025-11-10 03:03:08.727853,False,1,False,,,
20927,2cfc568a-38bd-4c26-b68f-184481993d17,294,Engage,,,,0,,0,0,2015-09-14 13:39:49,2025-11-10 03:03:08.733838,False,1,False,,,
20928,ad3a8d7b-2ae6-4d8a-9286-b4b4a6610be1,294,Specify,,,,0,,0,0,2015-09-14 13:39:49,2025-11-10 03:03:08.73873,False,1,False,,,
20929,bfd762a0-ee8b-42df-9138-33ecadd566c5,294,Execute,,,,0,,0,0,2015-09-14 13:39:49,2025-11-10 03:03:08.743414,False,1,False,,,
20930,01bd44c1-7fba-4f54-8c32-cb91a14ac0aa,294,Evaluate,,,,0,,0,0,2015-09-14 13:39:49,2025-11-10 03:03:08.747793,False,1,False,,,
20931,2eee21f2-db84-4425-a75c-7cfc7384cb18,296,Potential For Future Deal,,,,0,0,0,0,2015-09-28 12:26:40,2025-11-10 03:03:08.787572,False,1,False,,,
22889,6a9764a7-99a1-4981-a472-6290a45b18bf,394,In Queue,,FOLLOWUP_STATUS_IN_QUEUE,,0,1,0,0,2016-11-22 06:23:25,2025-11-10 03:03:17.759712,False,1,False,,,
22890,00809ee1-03f3-4422-ba68-2461eea43bd6,394,Completed,,FOLLOWUP_STATUS_COMPLETED,,0,1,0,0,2016-11-22 06:23:25,2025-11-10 03:03:17.763936,False,1,False,,,
22891,6aae81c9-4f67-4aa6-bcd7-0c4bf6531b0a,394,Failed to Reach,,FOLLOWUP_STATUS_FAILED_TO_REACH,,0,1,0,0,2017-07-31 05:54:26,2025-11-10 03:03:17.768375,False,1,False,,,
22892,8fc2dbad-68eb-456a-bd20-ec8994cc665f,394,Cancelled,,FOLLOWUP_STATUS_CANCELLED,,0,1,0,0,2017-07-31 05:54:26,2025-11-10 03:03:17.772524,False,1,False,,,
22893,d45fb0f1-c050-4df0-8718-fa44ba4f486e,394,Accepted,,FOLLOWUP_STATUS_ACCEPTED,,0,1,0,0,2017-07-31 05:54:33,2025-11-10 03:03:17.776516,False,1,False,,,
22894,aedea51b-12a2-4e0a-9d8e-45edb7ee5c7b,394,Assigned,,FOLLOWUP_STATUS_ASSIGNED,,0,1,0,0,2021-02-11 02:46:45,2025-11-10 03:03:17.780525,False,1,False,,,
22895,70eeba18-ddc8-45a0-be97-a15964b4e271,395,Animals,,,,0,1,0,0,2017-08-29 05:12:32,2025-11-10 03:03:17.786185,False,1,False,,,
22896,36ba3164-5678-40e4-b995-8818730e9b84,395,Environment,,,,0,1,0,0,2017-08-29 05:12:32,2025-11-10 03:03:17.790384,False,1,False,,,
22897,bdb5d542-ceef-43a9-8214-633fcaa2437c,395,Children,,,,0,1,0,0,2017-08-29 05:12:32,2025-11-10 03:03:17.794478,False,1,False,,,
22898,a8cc5d2d-84f0-4aab-aecc-1dc9fb8e4ef4,395,Military Support,,,,0,0,0,0,2017-08-29 16:32:30,2025-11-10 03:03:17.798739,False,1,False,,,
22899,8360fb54-30cd-4a43-b8c5-d3d4e5e15962,395,"Arts, Culture and Humanities",,,,0,1,0,0,2017-02-19 20:59:29,2025-11-10 03:03:17.802501,False,1,False,,,
22900,b5888d28-3e70-4a16-8bff-a2faaec2a7de,395,Education and Research,,,,0,1,0,0,2017-02-19 20:59:29,2025-11-10 03:03:17.806492,False,1,False,,,
22901,147cd411-ddee-4c8e-9c3b-ba24ff8b0d33,395,Health,,,,0,1,0,0,2017-02-19 20:59:29,2025-11-10 03:03:17.81097,False,1,False,,,
22902,4f3333df-b30c-4975-a7a2-0a655df707ac,395,Human Services,,,,0,1,0,0,2017-02-19 20:59:29,2025-11-10 03:03:17.816143,False,1,False,,,
22903,6e7ed3d9-9dad-4cee-892a-885f7845bb23,395,"Public, Societal Benefit",,,,0,1,0,0,2017-02-19 20:59:29,2025-11-10 03:03:17.820492,False,1,False,,,
22904,79fb6c50-1986-4bf5-a044-a819dbf8fca0,395,Religion,,,,0,1,0,0,2017-02-19 20:59:29,2025-11-10 03:03:17.824871,False,1,False,,,
22905,7c5ebfa6-a598-4b8a-bfdd-e18b8c0da88c,395,Other,,,,0,1,0,0,2017-02-19 20:59:29,2025-11-10 03:03:17.829463,False,1,False,,,
22906,f2e41cf5-6f88-48d0-82d6-4f0991a9db65,395,Public Media,,,,0,1,0,0,2020-04-28 03:53:12,2025-11-10 03:03:17.845386,False,1,False,,,
22907,910573f4-bf46-48bc-a9b4-df628e3503f7,396,% of Sale to Partner,,,,0,1,0,0,2017-02-19 20:59:29,2025-11-10 03:03:17.850377,False,1,False,,,
22908,9215def7-dfe1-4f54-a6e7-49e2024a6e96,396,% of Net to Partner,,,,0,1,0,0,2017-02-19 20:59:29,2025-11-10 03:03:17.854193,False,1,False,,,
22909,1fa42dc8-b3a0-4408-a306-c85e86022d15,396,$ Flat to Partner,,,,0,1,0,0,2017-02-19 20:59:29,2025-11-10 03:03:17.85809,False,1,False,,,
22910,412f241b-8b2d-44b0-a562-5222c6b80983,396,% of Sale to CARS,,,,0,1,0,0,2017-02-19 20:59:29,2025-11-10 03:03:17.862038,False,1,False,,,
22911,0298128a-6d21-4c76-bbec-f60f765d5ca5,396,% of Net to CARS,,,,0,1,0,0,2017-02-19 20:59:29,2025-11-10 03:03:17.866841,False,1,False,,,
22912,49c859df-432a-4a6c-8034-d1778f012661,396,$ Flat to CARS,,,,0,1,0,0,2017-02-19 20:59:29,2025-11-10 03:03:17.87063,False,1,False,,,
22913,46053f27-4e38-4e84-9f85-020f4c2352a8,397,Send Weekly Reports,,SEND_WEEKLY_REPORTS,,0,1,0,0,2017-02-19 20:59:29,2025-11-10 03:03:17.87568,False,1,False,,,
22914,e60dda13-6006-4199-9a1a-410758eb2bb6,397,Send Monthly Reports,,SEND_MONTHLY_REPORTS,,0,1,0,0,2017-02-19 20:59:29,2025-11-10 03:03:17.879909,False,1,False,,,
22915,e7094739-cd69-4cd4-a3ad-5926a5f34a1f,397,Send Donation Notifications,,SEND_DONATION_NOTIFICATIONS,,0,1,0,0,2017-02-19 20:59:29,2025-11-10 03:03:17.88476,False,1,False,,,
22916,bbe221ea-df34-4cd8-aef6-59401d634adf,398,% of Sale to Vendor,,,,0,1,0,0,2017-02-19 20:59:30,2025-11-10 03:03:17.889916,False,1,False,,,
22917,0921967d-41b6-4246-b43b-7105efc16b56,398,$ Flat to Vendor,,,,0,1,0,0,2017-02-19 20:59:30,2025-11-10 03:03:17.8951,False,1,False,,,
22918,2fafeebf-b975-440c-9bd4-635ddae13fe8,399,Send Inventory Emails,,SEND_INVENTORY_EMAILS,,0,1,0,0,2022-11-10 12:16:19,2025-11-10 03:03:17.900558,False,1,False,,,
22919,36734b97-ef2c-40ff-bdba-fc32518b0303,399,Send Pickup Notification,,SEND_PICKUP_NOTIFICATION,,0,1,0,0,2017-02-19 20:59:30,2025-11-10 03:03:17.904782,False,1,False,,,
22920,5f823f96-a728-4f70-9047-ba68f3ad4bf3,399,Send Reports,,SEND_REPORTS,,0,1,0,0,2017-02-19 20:59:30,2025-11-10 03:03:17.908995,False,1,False,,,
22921,60baf3b2-29ef-482d-8584-9316bf7003c3,399,Send Insurance Alert,,SEND_INSURANCE_ALERT,,0,1,0,0,2017-02-19 20:59:30,2025-11-10 03:03:17.91451,False,1,False,,,
22922,79bb392b-fcca-4efb-9a5e-7b2e10105eeb,400,% of Net Revenue,,,,0,1,0,0,2017-03-03 06:41:21,2025-11-10 03:03:17.920909,False,1,False,,,
22923,30c31e2f-4e7f-4a82-b382-0c1836c0970e,400,% of CARS Revenue,,,,0,1,0,0,2017-03-03 06:41:21,2025-11-10 03:03:17.925722,False,1,False,,,
22924,15a20e72-a45a-45cb-9069-ae3fd574da3c,400,Flat Amount from Net Revenue,,,,0,1,0,0,2017-03-03 06:41:21,2025-11-10 03:03:17.930065,False,1,False,,,
22925,36235c7d-efe9-4373-a355-2ab5ef310a19,400,Flat Amount from CARS Revenue,,,,0,1,0,0,2017-03-03 06:41:21,2025-11-10 03:03:17.934646,False,1,False,,,
22930,939d49d6-1893-4f54-a5e7-3950f536ab19,402,Declined,,,,0,1,0,0,2017-07-31 09:35:59,2025-11-10 03:03:17.964879,False,1,False,,,
22931,e89ade01-b5da-48e0-8707-e530715a7b10,402,Cancelled,,,,0,1,0,0,2017-07-31 09:36:08,2025-11-10 03:03:17.968545,False,1,False,,,
22932,d8ea6cb4-1f7f-44b4-826c-a89cedd5512b,402,Sold - Confirmed,,,,0,1,0,0,2017-07-31 09:36:15,2025-11-10 03:03:17.972318,False,1,False,,,
22933,7009fa3c-ca88-485a-a0bb-3dce66774bd7,402,Sold - Unconfirmed,,,,0,1,0,0,2017-07-31 09:36:26,2025-11-10 03:03:17.976271,False,1,False,,,
22934,14d20b00-99bf-48e6-b8de-9a53d7cf509e,402,Awaiting Sale,,,,0,1,0,0,2017-07-31 09:36:33,2025-11-10 03:03:17.979997,False,1,False,,,
22935,9d72cb36-187e-4ac8-9f86-87b538d268dc,402,Awaiting Repairs,,,,0,1,0,0,2017-07-31 09:36:41,2025-11-10 03:03:17.983608,False,1,False,,,
22936,4b4a2dc5-cca9-45fd-9b77-ef6a2c59b8c1,402,Repair Requested,,,,0,1,0,0,2017-07-31 09:36:48,2025-11-10 03:03:17.996787,False,1,False,,,
22937,16d852cf-d835-43dc-bdc5-85ec2aca890b,402,Ready for Pickup,,,,0,1,0,0,2017-07-31 09:36:57,2025-11-10 03:03:18.001764,False,1,False,,,
22938,d0ee15c3-7c09-478a-a852-7bf458110e38,402,Ready for Assignment,,,,0,1,0,0,2017-07-31 09:37:04,2025-11-10 03:03:18.005729,False,1,False,,,
22939,d000635c-138c-4c5c-b23d-43c783072461,402,Needs Review,,,,0,1,0,0,2017-07-31 09:37:09,2025-11-10 03:03:18.010174,False,1,False,,,
22940,5edbb513-ec04-4a61-a7d5-ac77d73503bc,402,Incomplete,,,,0,1,0,0,2017-07-31 09:37:14,2025-11-10 03:03:18.014133,False,1,False,,,
22941,9f35542a-d1bb-4ba0-a558-2148eb97daf7,403,Closed,,,,0,1,0,0,2017-07-31 09:38:22,2025-11-10 03:03:18.019504,False,1,False,,,
22942,dee4c539-d0af-4936-beb3-3e27efc40b09,403,Thank You & 1098c,,,,0,1,0,0,2017-07-31 09:38:28,2025-11-10 03:03:18.023249,False,1,False,,,
22943,f1b48600-e73d-4049-89a6-501c29cbdfbe,403,Accounting Issue,,,,0,1,0,0,2017-07-31 09:38:34,2025-11-10 03:03:18.02711,False,1,False,,,
22944,2bd15988-2062-4671-a2de-73fed34c021f,403,Payment Received,,,,0,1,0,0,2017-07-31 09:38:42,2025-11-10 03:03:18.030869,False,1,False,,,
22945,6d2a2e06-0c89-4f24-92c3-5800d2a66a9e,403,Awaiting Check,,,,0,1,0,0,2017-07-31 09:38:48,2025-11-10 03:03:18.034468,False,1,False,,,
22946,1b053ab2-bfeb-4e60-8359-c4384ca8ccd1,404,Red,,,,0,1,0,0,2017-07-31 09:40:37,2025-11-10 03:03:18.040639,False,1,False,,,
22947,2448341c-f373-432f-9cf2-8a7e902ee680,404,Unknown,,,,0,1,0,0,2017-07-31 09:40:25,2025-11-10 03:03:18.044394,False,1,False,,,
22948,8ae302e6-6115-4ff8-b839-9b3c2c3d3a8f,404,White,,,,0,1,0,0,2017-07-31 09:40:30,2025-11-10 03:03:18.048227,False,1,False,,,
22949,b6bcbd18-b1d9-40cf-a003-c880d097ff97,404,Silver,,,,0,1,0,0,2017-07-31 09:40:33,2025-11-10 03:03:18.052816,False,1,False,,,
22950,19ecef96-b1f6-457f-98c3-14247ff3f016,404,Orange,,,,0,1,0,0,2017-07-31 09:40:42,2025-11-10 03:03:18.056795,False,1,False,,,
22951,8c67ca52-1c1c-4ab8-8ae1-5acb99b39475,404,Grey,,,,0,1,0,0,2017-07-31 09:40:46,2025-11-10 03:03:18.060594,False,1,False,,,
22952,74d8d1ef-9523-4e26-b4fa-c4005aa4682f,404,Green,,,,0,1,0,0,2017-07-31 09:40:49,2025-11-10 03:03:18.064532,False,1,False,,,
22953,f6c4b5b7-d9b8-4164-b416-e7d2846d2940,404,Brown,,,,0,1,0,0,2017-07-31 09:40:53,2025-11-10 03:03:18.068622,False,1,False,,,
22954,08ea357e-1717-472b-9e06-5613f83f079e,404,Blue,,,,0,1,0,0,2017-07-31 09:40:57,2025-11-10 03:03:18.072647,False,1,False,,,
22955,e386e84b-7ac3-445d-ad18-d32418e080ea,404,Black,,,,0,1,0,0,2017-07-31 09:41:00,2025-11-10 03:03:18.076655,False,1,False,,,
22956,a4d163d2-34b6-45f5-b7e1-100ef24e89e3,404,Gold,,,,0,0,0,0,2018-01-18 21:17:41,2025-11-10 03:03:18.080521,False,1,False,,,
22957,d019ce70-a945-4f8d-a346-04e6998cc79b,404,Tan,,,,0,0,0,0,2018-01-18 21:17:51,2025-11-10 03:03:18.084188,False,1,False,,,
22958,2c91379e-ca71-469c-ae9b-d8d5e7588751,404,Purple,,,,0,0,0,0,2018-01-18 21:18:40,2025-11-10 03:03:18.087989,False,1,False,,,
22959,5ae8c9a6-70c2-46f4-a7b6-761d62f98836,404,Yellow,,,,0,0,0,0,2018-01-20 00:00:34,2025-11-10 03:03:18.09185,False,1,False,,,
22960,a7024540-6e2b-4577-a268-98fc9f97eab2,405,Chevrolet,,,,0,1,0,0,2017-07-31 09:42:52,2025-11-10 03:03:18.097213,False,1,False,,,
22961,03af672e-218f-484b-a522-7ccaf2c003bd,405,Volkswagen,,,,0,1,0,0,2017-07-31 09:42:33,2025-11-10 03:03:18.10103,False,1,False,,,
22962,0059f036-99c1-44ed-9c9d-8c931cd9dc55,405,Tesla,,,,0,1,0,0,2017-07-31 09:42:36,2025-11-10 03:03:18.104838,False,1,False,,,
22963,c3d19d2e-2600-43f0-9c51-af83fb6dd7a3,405,Nissan,,,,0,1,0,0,2017-07-31 09:42:39,2025-11-10 03:03:18.108894,False,1,False,,,
22964,af350863-692a-468c-a50c-489a376e6e80,405,Mazda,,,,0,1,0,0,2017-07-31 09:42:43,2025-11-10 03:03:18.112654,False,1,False,,,
22965,2d733fa4-042f-4063-826f-773121c995f4,405,Ford,,,,0,1,0,0,2017-07-31 09:42:46,2025-11-10 03:03:18.116468,False,1,False,,,
22966,51d452c5-ff93-4d14-ba70-e91870d72714,405,Dodge,,,,0,1,0,0,2017-07-31 09:42:50,2025-11-10 03:03:18.120408,False,1,False,,,
22967,aea23e87-ad7f-4ece-a8b2-834dcbe2e0f2,405,Acura,,,,0,1,0,0,2017-07-31 09:42:56,2025-11-10 03:03:18.1242,False,1,False,,,
22968,9e293d02-2b71-4f10-b7d7-af00afff0a1f,406,Runs & Drives,,RUNS_AND_DRIVE,,0,1,0,0,2017-07-31 09:46:45,2025-11-10 03:03:18.129036,False,1,False,,,
22969,5383defc-ccad-4d58-bcf0-a7957112c69a,406,Runs / Doesn’t Move,,RUNS_OR_DOES_NOT_MOVE,,0,1,0,0,2017-07-31 09:46:24,2025-11-10 03:03:18.13255,False,1,False,,,
22970,30a4df4e-911d-41d9-b373-3f6f50ca8f22,406,Unknown,,UNKNOWN,,0,1,0,0,2017-07-31 09:46:52,2025-11-10 03:03:18.137114,False,1,False,,,
22971,4c7bbf0f-3b55-482b-bb91-f58ea81d5817,406,Runs & Moves / Don’t Drive,,RUNS_AND_MOVES_OR_DONT_DRIVE,,0,1,0,0,2017-07-31 09:46:32,2025-11-10 03:03:18.141591,False,1,False,,,
22972,39254512-5016-487b-8dd9-88018f091002,406,Doesn’t Run / Doesn’t Move,,DOES_NOT_RUN_OR_DOES_NOT_MOVE,,0,1,0,0,2017-07-31 09:46:18,2025-11-10 03:03:18.145495,False,1,False,,,
22973,82aa03eb-6e16-441e-9fbf-f088bde27eb4,406,Doesn’t Run / Can be Moved,,DOES_NOT_RUN_OR_CAN_BE_MOVED,,0,1,0,0,2017-07-31 05:54:26,2025-11-10 03:03:18.149728,False,1,False,,,
22974,72c460c9-b7f5-4e79-92f1-20beb16e14c9,406,"Cranks, won’t start",,CRANKS_AND_WONT_START,,0,1,0,0,2017-07-31 05:54:26,2025-11-10 03:03:18.15339,False,1,False,,,
22975,7ce02329-c207-467a-b168-59c1fe2bb6c6,407,Proceed Distribution Notes,,PROCEED_DISTRIBUTION_NOTES,,0,1,0,0,2017-07-31 09:44:11,2025-11-10 03:03:18.158322,False,1,False,,,
22976,87598f4d-098e-4c53-92b0-8c40650fc13a,407,Donation Notes,,,,0,1,0,0,2017-07-31 09:44:17,2025-11-10 03:03:18.161854,False,1,False,,,
22977,c3df97f4-f60e-4bbc-87a3-985c77590df1,408,Name on Title Mismatch Note,,VEHICLE_NAME_ON_TITLE_MISMATCH_NOTE,,0,,0,0,2023-07-19 11:16:51,2025-11-10 03:03:18.167416,False,1,False,,,
22978,3dccc1d1-6142-4dbb-86f5-4f798a70444d,408,Vendor Notes,,VEHICLE_VENDOR_NOTES,,0,1,0,0,2017-07-31 09:44:54,2025-11-10 03:03:18.171078,False,1,False,,,
22979,3e9fdaf3-c357-4ac6-a98d-9fea21bc1854,408,Pickup Notes,,VEHICLE_PICKUP_NOTE,,0,1,0,0,2017-07-31 09:45:01,2025-11-10 03:03:18.17481,False,1,False,,,
22980,57d68a9c-c230-4680-9cdc-3a2a27516501,408,Vehicle Notes,,VEHICLE_NOTES,,0,1,0,0,2017-07-31 09:45:08,2025-11-10 03:03:18.179123,False,1,False,,,
22981,c5ea9ad2-295b-474d-87e2-4277c180c14b,408,Rush Pickup Notes,,VEHICLE_RUSH_PICKUP_NOTE,,0,1,0,0,2017-08-03 01:58:39,2026-01-05 21:31:14.447909,False,1,False,,,
22982,b46785bc-235a-4265-aa84-afa6c84b5042,408,Vehicle Created,,VEHICLE_CREATED_NOTE,,0,0,0,1,2019-10-15 07:26:32,2025-11-10 03:03:18.186716,False,1,False,,,
22983,00208560-955e-4f64-b798-b82f72821c96,408,Title Support Notes,,VEHICLE_TITLE_SUPPORT_NOTE,,0,0,0,0,2021-12-01 21:55:55,2025-11-10 03:03:18.190405,False,1,False,,,
22984,5f2f8dd4-8767-4e63-b99b-cb765346dc1b,409,Repair,,,,0,1,0,0,2017-07-31 05:53:57,2025-11-10 03:03:18.194708,False,1,False,,,
22985,7635168e-0617-41ec-803f-b0e2534faf1a,409,Extra Tow Fee,,,,0,1,0,0,2017-07-31 05:53:57,2025-11-10 03:03:18.19814,False,1,False,,,
22986,4abd92c4-a1fe-4566-8b6c-203a74dc8218,412,Contract,,,,0,1,0,0,2017-07-31 05:54:14,2025-11-10 03:03:18.204305,False,1,False,,,
22987,381f6c03-755a-41cd-b83c-434e5ff9f0fe,412,501(c)(3),,,,0,1,0,0,2017-07-31 05:54:14,2025-11-10 03:03:18.208868,False,1,False,,,
22988,9c3fb456-cb5a-4513-bc04-7f83d48456bb,412,Logo,,,,0,1,0,0,2017-07-31 05:54:14,2025-11-10 03:03:18.213014,False,1,False,,,
22989,faaf4243-2368-487b-b9b2-764aac3c9e47,412,Other,,,,0,1,0,0,2017-07-31 05:54:14,2025-11-10 03:03:18.217155,False,1,False,,,
22990,b158bfb2-77e4-4684-b314-9e9ce6df2b4a,412,Thank You Letter,,,,0,1,0,0,2017-07-31 05:55:00,2025-11-10 03:03:18.221547,False,1,False,,,
22991,295a2525-70e4-4d3d-90e5-6e566f981a01,412,Donation Approval,,,,0,1,0,0,2017-07-31 05:55:00,2025-11-10 03:03:18.225468,False,1,False,,,
22992,d13bc3e6-4888-4f37-8797-1f6add65b3bc,413,Contract,,,,0,1,0,0,2017-07-31 05:54:14,2025-11-10 03:03:18.230538,False,1,False,,,
22993,81b026e9-d05f-411d-be28-c16b9bc6094f,413,Insurance Policy,,,,0,1,0,0,2017-07-31 05:54:14,2025-11-10 03:03:18.234415,False,1,False,,,
22994,7f6aad6b-3d56-4698-9f8b-f97fc83ddbf5,413,Repair Receipt,,,,0,1,0,0,2017-07-31 05:54:14,2025-11-10 03:03:18.238221,False,0,False,,,
22995,c4987c84-5753-412f-a679-1a5b92c5095a,413,Logo,,,,0,1,0,0,2017-07-31 05:54:14,2025-11-10 03:03:18.241958,False,0,False,,,
22996,16cd01ac-d693-4056-a61b-efc39c04e2ec,413,Other,,,,0,1,0,0,2017-07-31 05:55:00,2025-11-10 03:03:18.251142,False,0,False,,,
22997,b2824a3b-48a5-4863-bd1b-8a42db003032,414,Contract,,,,0,1,0,0,2017-07-31 05:54:14,2025-11-10 03:03:18.256637,False,1,False,,,
22998,3d81a4b8-2b29-4080-bd56-d7e7e754bdd4,414,Other,,,,0,1,0,0,2017-07-31 05:54:14,2025-11-10 03:03:18.261147,False,0,False,,,
22999,60ccaaeb-7c21-4895-bd8c-f434f2dce3c0,415,Other,,,,0,1,0,0,2017-07-31 05:54:14,2025-11-10 03:03:18.266531,False,1,False,,,
23000,86b7b4c6-fb53-4a76-9923-bd5271bccd08,416,Photo,,,,0,1,0,0,2017-07-31 05:54:14,2025-11-10 03:03:18.271534,False,1,False,,,
23001,068c8fd6-4178-4f1b-877d-ddcd5109331e,416,Thank You Letter,,,,0,1,0,0,2017-07-31 05:54:14,2025-11-10 03:03:18.275588,False,1,False,,,
23002,9541c2f5-55ae-47bb-b981-7ec136a3ef4a,416,1098-C,,,,0,1,0,0,2017-07-31 05:54:14,2025-11-10 03:03:18.279893,False,1,False,,,
23003,3a6f5018-2320-47e1-8508-e9e90858288e,416,TIN Request,,,,0,1,0,0,2017-07-31 05:54:14,2025-11-10 03:03:18.284126,False,1,False,,,
23004,2edba832-3015-40c0-83dd-bc8fa1ecf439,416,Pick Up Slip,,,,0,1,0,0,2017-07-31 05:54:14,2025-11-10 03:03:18.287923,False,1,False,,,
23005,f7f72176-11d1-4eea-ab47-922b7d2a5ef8,416,Donation Receipt,,,,0,1,0,0,2017-07-31 05:54:14,2025-11-10 03:03:18.292255,False,1,False,,,
23006,4759761d-ff12-40a0-bd42-56421f174c6e,416,Other,,,,0,1,0,0,2017-07-31 05:54:14,2025-11-10 03:03:18.296743,False,1,False,,,
23007,b92b59da-a705-4edc-8970-fa23cbd3ef1e,416,Stated Mileage,,,,0,1,0,0,2017-07-31 05:55:00,2025-11-10 03:03:18.300704,False,1,False,,,
23008,bd89f734-2f88-41b3-af70-eae8441673d9,416,Supporting Documents,,,,0,1,0,0,2017-07-31 05:55:00,2025-11-10 03:03:18.304762,False,1,False,,,
23009,5496421a-57a2-4b79-9c9b-77fadab2d4a8,416,Sale Paperwork,,,,0,1,0,0,2017-07-31 05:55:00,2025-11-10 03:03:18.308609,False,1,False,,,
23010,781ca57e-58b6-4373-b265-679e2c0dd147,416,Correspondence,,,,0,1,0,0,2017-07-31 05:55:00,2025-11-10 03:03:18.312916,False,1,False,,,
23011,356e6bf9-c9f6-4ebe-9fd3-ed841b2f4e6c,416,Title,,,,0,1,0,0,2017-12-22 03:50:11,2025-11-10 03:03:18.316928,False,1,False,,,
23012,aed5f7d8-ed5f-487e-86e9-8324aa8fbda8,417,Cartober,,,,0,,0,0,2022-09-23 20:48:18,2025-11-10 03:03:18.322982,False,1,False,,,
23013,338d92d9-c4ff-4ab8-89f2-62a4cb25b45e,417,DAC - Web,,DAC_WEB,,0,0,0,0,2021-10-04 06:44:43,2025-11-10 03:03:18.327183,False,1,False,,,
23014,2e754df3-61cf-4bc9-b195-b8cfdb14a8da,417,Cartober - Phone,,,,0,,0,0,2022-08-23 21:20:52,2025-11-10 03:03:18.331535,False,1,False,,,
23015,ea3f590e-4022-4818-9864-0f5d89f6026f,417,Phone,,PHONE,,0,1,0,0,2017-07-31 05:54:15,2025-11-10 03:03:18.335485,False,1,False,,,
23016,e4c344c0-aab3-458a-bfa9-48e9211c35e9,417,CARS Website,,CARS_WEBSITE,,0,1,0,0,2017-07-31 05:54:15,2025-11-10 03:03:18.339442,False,1,False,,,
23017,d0f5b39e-14ed-48b2-9832-0f787acb1e5a,417,Nonprofit Website,,NONPROFIT_WEBSITE,,0,1,0,0,2017-07-31 05:54:15,2025-11-10 03:03:18.343412,False,1,False,,,
23018,d7293c86-8807-401c-9d04-82d3e15e54d0,417,Email,,EMAIL,,0,1,0,0,2017-07-31 05:54:15,2025-11-10 03:03:18.347403,False,1,False,,,
23019,a2210595-2ea6-4da9-b26f-caa10fbb3a37,417,Other,,OTHER,,0,1,0,0,2017-07-31 05:54:15,2025-11-10 03:03:18.351518,False,1,False,,,
23020,ef96702c-afb3-420e-9c6c-e6507c9ea639,417,KBB - Phone,,,,0,0,0,0,2017-12-15 20:53:40,2025-11-10 03:03:18.362281,False,1,False,,,
23021,11ff81a8-a083-456c-be26-ea7a37388ca9,417,KBB - Web,,,,0,0,0,0,2017-12-15 20:53:46,2025-11-10 03:03:18.36629,False,1,False,,,
23022,ad93e97f-53d7-4088-a1e7-2c785e0abbeb,417,CarTalk Webform,,CARS_TALK_WEB_FORM,,0,1,0,0,2018-09-26 04:44:22,2025-11-10 03:03:18.370198,False,1,False,,,
23023,13f49444-f433-4fad-b3d6-9e0e38e4529d,417,CarTalk Phone,,CARS_TALK_PHONE,,0,1,0,0,2018-09-26 04:44:22,2025-11-10 03:03:18.374132,False,1,False,,,
23024,f23e16c0-8fdb-4134-b72d-3393e89927ea,417,V-Dac Webform,,V_DAC_WEB_FORM,,0,1,0,0,2018-09-26 04:44:22,2025-11-10 03:03:18.377736,False,1,False,,,
23025,401c9b60-5495-4eb0-88f1-47825a4c2a8f,417,V-Dac Phone,,V_DAC_PHONE,,0,1,0,0,2018-09-26 04:44:22,2025-11-10 03:03:18.381429,False,1,False,,,
23026,e9c472c6-c2fc-46ab-9ed8-72f0a5105a7f,417,Other - Self Service,,OTHER_SELF_SERVICE,,0,0,0,0,2019-10-15 13:28:48,2025-11-10 03:03:18.384949,False,1,False,,,
23027,c65d18c2-574c-4a1f-9eeb-d9bae7afd847,417,Nonprofit Website - Self Service,,NONPROFIT_WEBSITESELF_SERVICE,,0,0,0,0,2019-10-15 13:29:12,2025-11-10 03:03:18.3887,False,1,False,,,
23028,73d6adfb-8a7b-401b-bbf7-c7e558995a8a,417,CARS Website - Self Service,,CARS_WEBSITE_SELF_SERVICE,,0,0,0,0,2019-10-15 13:29:22,2025-11-10 03:03:18.392228,False,1,False,,,
23029,66b81601-9dc6-4448-a929-5598e204b41d,417,V-Dac Webform - Self Service,,V-DAC_WEBFORM_SELF_SERVICE,,0,0,0,0,2019-10-15 13:30:36,2025-11-10 03:03:18.39589,False,1,False,,,
23030,ad407dde-7650-49bb-874a-5e52c451e7ca,417,Google Phone,,GOOGLE_PHONE,,0,0,0,0,2019-10-17 06:34:36,2025-11-10 03:03:18.399561,False,1,False,,,
23031,4771a08f-a2e7-4f3b-96c8-43616cd83c8f,417,Peddle Affiliate - Self Service,,PEDDLE_AFFILIATE_SELF_SERVICE,,0,0,0,0,2020-11-25 02:56:24,2025-11-10 03:03:18.403835,False,1,False,,,
23032,9ee6b51d-f05f-4a51-9061-6c3d6d46b6a9,417,Peddle Affiliate,,PEDDLE_AFFILIATE,,0,1,0,0,2020-11-25 02:56:24,2025-11-10 03:03:18.407749,False,1,False,,,
23033,9f8df976-47d1-4096-830a-72afe90fc1a3,417,SA Western Territory Internal,,SA_WESTERN_TERRITORY_INTERNAL,,0,1,0,0,2021-02-03 23:08:36,2025-11-10 03:03:18.411667,False,1,False,,,
23034,5ec2f677-144f-48d3-aab4-df2faab0ae33,417,IAA Partner Form,,IAA_PARTNER_FORM,,0,1,0,0,2021-04-09 04:20:32,2025-11-10 03:03:18.416852,False,1,False,,,
23035,a81d92f4-3056-4b2c-a5cf-ea29393b1b2a,417,IAA Phone,,IAA_PHONE,,0,1,0,0,2021-04-09 04:20:32,2025-11-10 03:03:18.420783,False,1,False,,,
23036,457f97ef-cddf-42b0-92fd-bf3d77c84a2d,417,IAA CARS Website,,IAA_CARS_WEBSITE,,0,1,0,0,2021-04-16 01:08:45,2025-11-10 03:03:18.42505,False,1,False,,,
23037,bf0913c8-c9c3-463d-be07-e5507232ae02,417,IAA CARS Website - Self Service,,IAA_CARS_WEBSITE_SELF_SERVICE,,0,1,0,0,2021-04-16 01:08:45,2025-11-10 03:03:18.429467,False,1,False,,,
23038,ff338537-b0ab-4007-8fc9-bc2508745ba5,417,IAA Nonprofit Website,,IAA_NONPROFIT_WEBSITE,,0,1,0,0,2021-04-16 01:08:45,2025-11-10 03:03:18.433629,False,1,False,,,
23039,fe6d47c5-9ad7-4b3a-9334-e178e2c130a6,417,IAA Nonprofit Website - Self Service,,IAA_NONPROFIT_WEBSITE_SELF_SERVICE,,0,1,0,0,2021-04-16 01:08:45,2025-11-10 03:03:18.437981,False,1,False,,,
23040,6c6cd48c-228b-4f84-8647-ea8c0ae3c2c7,417,PeddleRefer,,peddle_referral,,0,,0,0,2025-01-06 22:07:50,2025-11-10 03:03:18.442024,False,1,False,,,
23041,4906d145-88c0-4f3f-8824-586295c63ef4,417,DAC Phone,,DAC_PHONE,,0,,0,0,2025-02-20 01:59:33,2025-11-10 03:03:18.445925,False,1,False,,,
23042,da1e85a2-2295-48c0-bde0-6ac059fdf2ba,417,Pawsitive Impact Web,,PAWSITIVE_IMPACT_WEB,,0,,0,0,2025-02-20 02:01:21,2025-11-10 03:03:18.450379,False,1,False,,,
23043,ea673cdf-adde-4cbb-97df-5bb72d349410,417,Pawsitive Impact Phone,,PAWSITIVE_IMPACT_PHONE,,0,,0,0,2025-02-20 02:01:39,2025-11-10 03:03:18.454539,False,1,False,,,
23044,f2daca85-ad60-476a-a91e-797b81f08a00,418,Normal Wear & Tear (all body panels intact & attached),,NORMAL_WEAR_AND_TEAR,,0,1,0,0,2017-07-31 05:54:26,2025-11-10 03:03:18.466846,False,1,False,,,
23045,8927de87-4c38-47a3-8e7e-5450a0676fcc,418,Unknown,,UNKNOWN,,0,1,0,0,2017-07-31 05:54:26,2025-11-10 03:03:18.470736,False,1,False,,,
23046,bc6b7159-a83b-42a3-b51d-bf20681cf20c,418,"Some Mirrors, Glass, or Lights are Cracked/Missing",,SOME_MIRRORS_OR_GLASSES_OR_LIGHTS_ARE_CRACKED_OR_MISSING,,0,1,0,0,2017-07-31 05:54:26,2025-11-10 03:03:18.474904,False,1,False,,,
23047,0e270a64-fb4c-4697-8b7f-0d1a770517ee,418,Baseball-sized or Larger Damage*,,BASEBALL_SIZED_OR_LARGER_DAMAGE,,0,1,0,0,2017-07-31 05:54:26,2025-11-10 03:03:18.479265,False,1,False,,,
23048,bad300dc-0e76-42ae-a703-f2b8a8d0d75a,418,Major Damage*,,MAJOR_DAMAGE,,0,1,0,0,2017-07-31 05:54:26,2025-11-10 03:03:18.483301,False,1,False,,,
23049,2fae929d-15ac-4720-94e6-56ad2397f15f,418,Loose or Missing Panels*,,LOOSE_OR_MISSING_PANELS,,0,1,0,0,2017-07-31 05:54:26,2025-11-10 03:03:18.487129,False,1,False,,,
23050,7a520b1e-6a22-4708-a0f5-67613452e722,419,Normal Wear & Tear (all interior intact & attached),,,,0,1,0,0,2017-07-31 05:54:26,2025-11-10 03:03:18.492176,False,1,False,,,
23051,84463254-cdfd-4928-bcdf-f46e93427ec7,419,Damaged or Removed Parts (notes required),,,,0,1,0,0,2017-07-31 05:54:26,2025-11-10 03:03:18.495975,False,1,False,,,
23052,24b75153-848f-4a5a-992b-730eca282e95,419,Unknown,,,,0,1,0,0,2017-07-31 05:54:26,2025-11-10 03:03:18.499696,False,1,False,,,
23053,698a2d90-4975-4291-a0e5-828120d47542,420,Operational,,,,0,1,0,0,2017-07-31 05:54:26,2025-11-10 03:03:18.504398,False,1,False,,,
23054,22ec8127-1fd4-42c6-b350-6ef751f17b3f,420,Removed,,,,0,1,0,0,2017-07-31 05:54:26,2025-11-10 03:03:18.508111,False,1,False,,,
23055,5177c3c7-89c7-4b75-b226-3f072c35e1fb,420,Rebuilt/Replaced,,,,0,1,0,0,2017-07-31 05:54:26,2025-11-10 03:03:18.512227,False,1,False,,,
23056,05b9c4a6-901c-4191-ace7-dfac381f6f36,420,Minor Issues / Still Functional,,,,0,1,0,0,2017-07-31 05:54:26,2025-11-10 03:03:18.516173,False,1,False,,,
23057,b9498316-7205-482f-855b-4bbe16153f3e,420,Major Malfunction / Still Installed,,,,0,1,0,0,2017-07-31 05:54:26,2025-11-10 03:03:18.520716,False,1,False,,,
23058,f88b6223-8236-4914-892d-d804c0bd35b7,420,Missing,,,,0,1,0,0,2017-07-31 05:54:26,2025-11-10 03:03:18.524565,False,1,False,,,
23059,a218e8a8-415d-4c0f-bf62-9c802526953f,420,Unknown,,,,0,1,0,0,2017-07-31 05:54:26,2025-11-10 03:03:18.52824,False,1,False,,,
23060,c4b4e605-778b-483c-91e0-19d324a69df8,421,Operational,,,,0,1,0,0,2017-07-31 05:54:26,2025-11-10 03:03:18.533431,False,1,False,,,
23061,442d901a-c68c-47d6-9e40-8be6c8bf0b07,421,Rebuilt/Replaced,,,,0,1,0,0,2017-07-31 05:54:26,2025-11-10 03:03:18.5374,False,1,False,,,
23062,9a3be044-70f8-4ce0-b12c-18965efa828e,421,Minor Issues / Still Functional,,,,0,1,0,0,2017-07-31 05:54:26,2025-11-10 03:03:18.541459,False,1,False,,,
23063,6e764611-0fbe-4103-898e-b754e639980f,421,Major Malfunction / Still Installed,,,,0,1,0,0,2017-07-31 05:54:26,2025-11-10 03:03:18.54527,False,1,False,,,
23064,9912f097-b057-4492-bb2f-6426a72f5a5e,421,Removed,,,,0,1,0,0,2017-07-31 05:54:26,2025-11-10 03:03:18.549415,False,1,False,,,
23065,ebfd6e52-856f-482e-8f0e-f6f1bf00c254,421,Missing,,,,0,1,0,0,2017-07-31 05:54:26,2025-11-10 03:03:18.553072,False,1,False,,,
23066,24ef216d-dbdb-4f48-a4a2-78afbb028c27,421,Unknown,,,,0,1,0,0,2017-07-31 05:54:26,2025-11-10 03:03:18.558147,False,1,False,,,
23067,7041d526-615b-41a4-8937-234f00b02769,422,Unknown,,UNKNOWN,,0,1,0,0,2017-07-31 05:54:26,2025-11-10 03:03:18.562596,False,1,False,,,
23068,82cda0ea-2013-4b67-bc23-9bcc9913900b,422,Missing,,MISSING,,0,1,0,0,2017-07-31 05:54:26,2025-11-10 03:03:18.566578,False,1,False,,,
23069,08d8ad5c-738e-40d1-94fa-cb58fe00113a,422,Removed,,REMOVED,,0,1,0,0,2017-07-31 05:54:26,2025-11-10 03:03:18.570711,False,1,False,,,
23070,1273eeaf-87cd-4399-98b9-0a48df7c4855,422,Major Malfunction / Still Installed,,MAJOR_MALFUNCTION_OR_STILL_INSTALLED,,0,1,0,0,2017-07-31 05:54:26,2025-11-10 03:03:18.57439,False,1,False,,,
23071,880d9d71-378d-4e2e-b2dc-5b972f9e2252,422,1 or More Wheels are Removed*,,WHEELS_ARE_REMOVED,,0,1,0,0,2017-07-31 05:54:26,2025-11-10 03:03:18.578465,False,1,False,,,
23072,4ecdf249-87d4-4ae6-a3cc-3d8c7d2227cc,422,1 or More Tires are Flat*,,TIRES_ARE_FLAT,,0,1,0,0,2017-07-31 05:54:26,2025-11-10 03:03:18.582204,False,1,False,,,
23073,b0433c2b-c131-4c74-8970-9a5bd2796f20,422,All Wheels Mounted & Tires Inflated,,ALL_WHEEELS_MOUNTED_AND_TIRES_INFLATED,,0,1,0,0,2017-07-31 05:54:26,2025-11-10 03:03:18.585915,False,1,False,,,
23074,b6c30fd6-f7c9-447f-9de2-e022869a3d69,423,Mold,,MOLD,,0,1,0,0,2017-07-31 05:54:26,2025-11-10 03:03:18.591225,False,1,False,,,
23075,e12ece8b-25e1-4fd4-a843-b1a622a0c58e,423,Flood Damage,,FLOOD_DAMAGE,,0,1,0,0,2017-07-31 05:54:26,2025-11-10 03:03:18.596171,False,1,False,,,
23076,d2c3cc59-4dab-4cd4-8100-d4ede675632e,423,Fire Damage,,FIRE_DAMAGE,,0,1,0,0,2017-07-31 05:54:26,2025-11-10 03:03:18.600682,False,1,False,,,
23077,c7339f00-1945-4aee-89b1-77179119a5e2,423,Air Bag(s) Deployed,,AIR_BAGS_DEPLOYED,,0,1,0,0,2017-07-31 05:54:26,2025-11-10 03:03:18.605009,False,1,False,,,
23078,ecde88e1-d07d-497a-9697-aff9f2bf17ec,423,Won’t Pass Smog/State Inspection,,NOT_PASSING_SMOG_STATE_INSPECTION,,0,1,0,0,2017-07-31 05:54:26,2025-11-10 03:03:18.608789,False,1,False,,,
23079,e50369eb-794c-4c3d-b0e4-d2f25381db2a,423,Severe Undercarriage Rust,,SEVERE_UNDERCARRIAGE_RUST,,0,1,0,0,2017-07-31 05:54:26,2025-11-10 03:03:18.614601,False,1,False,,,
23080,2d0c5aab-1391-4582-9824-ae6ea86a991c,423,Other*,,OTHER,,0,1,0,0,2017-08-30 02:40:41,2025-11-10 03:03:18.618822,False,1,False,,,
23081,0dba048b-f9a6-4a1b-9009-029c9cef2a74,424,Business,,LOCATION_TYPE_BUSINESS,,4,1,0,0,2017-07-31 05:54:32,2025-11-10 03:03:18.623551,False,1,False,,,
23082,b1379f80-2052-4931-b24d-17ecf4a930bf,424,Residence,,LOCATION_TYPE_RESIDENCE,,3,1,0,0,2017-07-31 05:54:32,2025-11-10 03:03:18.627296,False,1,False,,,
23083,bdfc122d-7e7d-45e5-8209-bc443c1a9ea5,424,Parking Lot,,LOCATION_TYPE_PARKING_LOT,,2,1,0,0,2017-07-31 05:54:32,2025-11-10 03:03:18.631084,False,1,False,,,
23084,dc1e4032-817b-4aca-9951-8e6ff6c75f9a,424,Shop/Storage/Impound,,LOCATION_TYPE_SHOP_STORAGE_IMPOUND,,1,1,0,0,2017-07-31 05:54:32,2025-11-10 03:03:18.636188,False,1,False,,,
23085,a0c67105-fbf1-465f-ae45-d4364fe495c1,424,Unknown,,LOCATION_TYPE_UNKNOWN,,4,1,0,0,2018-01-18 11:09:24,2025-11-10 03:03:18.640211,False,1,False,,,
23086,9512c348-4c93-4e43-831b-7790c4776471,354,SSDF Backlog,,SSDF_BACKLOG,,0,1,0,1,2024-09-18 10:34:41,2025-11-10 03:03:18.646156,False,1,False,,,
23087,0e4fc6d7-4285-4d3d-b923-76c920464439,354,SSDF Expired,,SSDF_EXPIRED,,0,1,0,0,2024-10-14 03:48:28,2025-11-10 03:03:18.650805,False,1,False,,,
23088,08588256-9d0b-4b76-9228-83bcf9a3b034,354,Follow Up on Lead,,FOLLOW_UP_ON_LEAD,,0,1,0,0,2017-08-31 04:10:26,2025-11-10 03:03:18.654944,False,1,False,,,
23089,48d2eeae-eb47-4117-b503-284653407e57,354,Rush Pickup,,RUSH_PICKUP,,0,1,0,0,2018-01-20 00:21:33,2025-11-10 03:03:18.666704,False,1,False,,,
23090,f996b8af-437d-4a9e-9232-28ac94656bd0,354,Missing TIN,,MISSING_TIN,,0,1,0,1,2021-02-15 01:47:02,2025-11-10 03:03:18.682174,False,1,False,,,
23091,fbd4120a-1459-4a3a-9767-b81b9da91e66,354,Voicemail,,VOICEMAIL_CALLBACK,,0,1,0,0,2022-01-18 03:36:16,2025-11-10 03:03:18.686021,False,1,False,,,
23092,331f9322-3eca-4ee3-9d8c-0b6c3be1acd7,354,IST,,IST,,0,1,0,0,2024-08-14 01:31:28,2025-11-10 03:03:18.689899,False,1,False,,,
23093,94d9d5ab-b8bf-4fd0-a3de-5ff8469b8911,354,SSDF Followup,,SSDF_FOLLOWUP,,0,,0,0,2024-12-04 10:40:51,2025-11-10 03:03:18.693776,False,1,False,,,
23094,e331e56c-4b63-43c5-8da2-660e4712866b,426,Boat Trailer,,,,0,0,0,0,2017-10-31 21:59:52,2025-11-10 03:03:18.699306,False,1,False,,,
23095,a8773600-fd38-4be1-863d-2ddf50b65ac8,426,Motorcycle,,,,0,0,0,0,2017-10-31 22:00:00,2025-11-10 03:03:18.702925,False,1,False,,,
23096,40249f26-629b-40f6-8336-fc9df4c96d44,426,Truck,,,,0,0,0,0,2017-10-31 22:00:04,2025-11-10 03:03:18.706617,False,1,False,,,
23097,cbfe78e1-b1d9-4ce3-a673-a606a52fa9b9,426,Other,,,,0,1,0,0,2017-07-31 09:41:34,2025-11-10 03:03:18.710534,False,1,False,,,
23098,45743b2d-bbcc-4cf4-906e-92f8d6e1fdd2,426,Boat,,,,0,1,0,0,2017-07-31 09:41:37,2025-11-10 03:03:18.715721,False,1,False,,,
23099,6c7ea4fe-3650-4fdf-a910-d4742316c15a,426,ATV,,,,0,1,0,0,2017-07-31 09:41:41,2025-11-10 03:03:18.720532,False,1,False,,,
23100,e1c98742-8f6c-43c6-bd28-86e5647f5e9a,426,RV,,,,0,1,0,0,2017-07-31 09:41:44,2025-11-10 03:03:18.724726,False,1,False,,,
23101,c4c75e7a-001e-4d64-9613-62f666d42103,426,Car,,,,0,1,0,0,2017-07-31 09:42:07,2025-11-10 03:03:18.728861,False,1,False,,,
23102,2b40a9a9-cd4d-4b05-9dd7-3af1dc76b2ba,426,Scooter,,,,0,,0,0,2018-03-26 15:34:02,2025-11-10 03:03:18.732894,False,1,False,,,
23103,b044acfa-94d6-4eaa-aabe-0c3f0a8fbcc1,426,Golf Cart,,,,0,,0,0,2018-03-28 18:04:22,2025-11-10 03:03:18.736747,False,1,False,,,
23104,d3935cf1-1640-4774-9709-c49258071a4e,426,Trailer,,,,0,,0,0,2018-04-07 00:20:36,2025-11-10 03:03:18.740686,False,1,False,,,
23105,75f0345f-00e4-4a51-9e94-ded6c782643a,426,Motorhome,,,,0,,0,0,2018-04-11 15:50:04,2025-11-10 03:03:18.744326,False,1,False,,,
23106,8b506bda-8dda-464b-a5ae-fa5aa49fb041,426,Pop Up Trailer,,,,0,,0,0,2018-04-12 01:08:16,2025-11-10 03:03:18.748457,False,1,False,,,
23107,ffa87237-b730-4598-8a36-2daa3fd5d01d,426,Airplane,,,,0,,0,0,2018-04-17 14:41:45,2025-11-10 03:03:18.75228,False,1,False,,,
23108,51562790-69d3-425d-8949-b8176a345777,426,Flatbed,,,,0,,0,0,2018-04-18 17:38:26,2025-11-10 03:03:18.756193,False,1,False,,,
23109,305847a2-8500-4baf-a93c-fc3350a3dadc,426,Tractor,,,,0,,0,0,2018-04-20 17:29:58,2025-11-10 03:03:18.75975,False,1,False,,,
23110,fe8d9d9e-6ecb-4c98-9765-471c9bc33a9f,426,Kayak,,,,0,,0,0,2018-04-26 18:43:54,2025-11-10 03:03:18.763767,False,1,False,,,
23111,801c0515-6049-4bb5-948a-b1ca8a5e76ed,426,Travel Trailer,,,,0,,0,0,2018-05-03 15:58:04,2025-11-10 03:03:18.767156,False,1,False,,,
23112,4e8f7a11-f013-4ac5-bda5-99cf5a4be041,426,Riding Lawnmower,,,,0,,0,0,2018-05-10 18:58:58,2025-11-10 03:03:18.771688,False,1,False,,,
23113,c860f08a-d962-435b-b8c9-f1df89fe6110,426,Bus,,,,0,,0,0,2018-05-11 15:45:20,2025-11-10 03:03:18.775277,False,1,False,,,
23114,9cf0833e-fed8-4c00-865a-bd6bed1756cb,426,Camper Shell,,,,0,,0,0,2018-05-14 14:46:29,2025-11-10 03:03:18.778939,False,1,False,,,
23115,64406649-b710-46d4-b786-5557a7875242,426,Forklift,,,,0,,0,0,2018-05-14 15:39:00,2025-11-10 03:03:18.782307,False,1,False,,,
23116,23cf35cb-ece7-4f1c-8292-cfa58dff8220,426,Snowblower,,,,0,,0,0,2018-05-22 15:18:41,2025-11-10 03:03:18.786238,False,1,False,,,
23117,fff45eba-aa13-4632-9eeb-fe7517b76ac4,426,Van,,,,0,,0,0,2019-03-19 14:37:15,2025-11-10 03:03:18.789795,False,1,False,,,
23118,daedd3ed-6e03-4df9-b1f7-648fbbae7aa7,426,Semi-Trailer Truck,,,,0,,0,0,2024-10-29 23:05:17,2025-11-10 03:03:18.794296,False,1,False,,,
23119,d7268cd3-b8f2-4855-bb5f-ecd93e06f0d4,426,SUV,,,,0,,0,0,2024-10-29 23:05:20,2025-11-10 03:03:18.798621,False,1,False,,,
23120,ba454cde-5cd2-4dae-a4f8-60bee92d5988,426,5th Wheel Travel Trailer,,,,0,,0,0,2021-03-24 20:14:37,2025-11-10 03:03:18.802677,False,1,False,,,
23121,d991af7c-fca3-4ea6-a2f6-d0097c8660dd,426,Motorized Wheelchair,,,,0,,0,0,2018-05-08 20:52:15,2025-11-10 03:03:18.80713,False,1,False,,,
23122,110c1aa3-cde5-4921-b829-8c299e58fe62,426,Camper Trailer,,,,0,,0,0,2018-04-12 00:39:03,2025-11-10 03:03:18.811472,False,1,False,,,
23123,4f191c74-ebb9-407f-bad7-bcb2331337f7,426,Electric Bicycle,,,,0,,0,0,2024-02-15 23:19:49,2025-11-10 03:03:18.815453,False,1,False,,,
23124,34a0e0d4-b7ec-49de-95e4-e01abb88a4bc,426,Jet Ski,,,,0,,0,0,2018-05-09 21:20:03,2025-11-10 03:03:18.819521,False,1,False,,,
23125,98318d7e-dd08-4dcd-b6ee-5bec16269814,426,Snowmobile,,,,0,,0,0,2018-05-29 18:19:24,2025-11-10 03:03:18.823619,False,1,False,,,
23126,c8b325de-34f8-4692-86bb-3723525f7b9d,426,Jet Ski Trailer,,,,0,,0,0,2024-12-19 00:02:15,2025-11-10 03:03:18.827729,False,1,False,,,
23127,665d6e7b-b8bd-4095-9a6b-f01a9459febe,426,Snowmobile Trailer,,,,0,,0,0,2025-01-21 20:20:06,2025-11-10 03:03:18.83188,False,1,False,,,
23128,b092878e-0375-4ad5-b602-2542b7d0e549,427,Left Message,,,,0,0,0,0,2017-11-10 20:24:24,2025-11-10 03:03:18.837301,False,1,False,,,
23129,4c6cf42a-b320-47b1-9a43-03be838300fc,427,No Answer,,,,0,1,0,0,2017-07-31 05:54:32,2025-11-10 03:03:18.841775,False,1,False,,,
23130,6d88b6f0-ef7e-438e-adbd-e204c95fbbff,427,Line Busy,,,,0,1,0,0,2017-07-31 05:54:32,2025-11-10 03:03:18.846172,False,1,False,,,
23131,031c7904-d188-410b-89f7-ccdf640a4943,427,Invalid Number,,,,0,1,0,0,2017-07-31 05:54:32,2025-11-10 03:03:18.850294,False,1,False,,,
23132,be0cfa6d-4c9b-4c1c-965d-03dc96edaf0d,428,Electronic,,,,0,1,0,0,2018-04-20 00:15:59,2025-11-10 03:03:18.855543,False,1,False,,,
23133,536c1128-b1a5-49a4-b0a7-86e79b5fcebd,428,Manual,,,,0,1,0,0,2018-04-20 00:15:59,2025-11-10 03:03:18.860342,False,1,False,,,
23134,3d0195c5-e004-4e08-890a-168c49024f00,428,Automatic,,Automatic,,0,1,0,0,2021-08-26 00:14:53,2025-11-10 03:03:18.867309,False,1,False,,,
23135,9ea50946-459b-4ae6-a87f-fab558237f3b,429,Nonprofit,,NONPROFIT,,0,0,0,0,2020-01-06 23:11:26,2025-11-10 03:03:18.892771,False,1,False,,,
23136,ed0f8faa-3f81-42eb-b660-d0226367b57e,429,Reserved,,RESERVED,,0,0,0,0,2020-01-06 23:11:26,2025-11-10 03:03:18.896804,False,1,False,,,
23137,3c64a692-411f-4141-99a9-d6c5864ac9bf,429,Unallocated,,UNALLOCATED,,0,0,0,0,2020-01-06 23:11:26,2025-12-04 14:51:39.348144,False,0,False,,,
23138,c6c12669-86ec-436d-8cce-a38911f8f90b,429,Marketer,,MARKETER,,0,0,0,0,2021-05-12 03:32:22,2025-11-10 03:03:18.906211,False,1,False,,,
23139,60947372-87ed-4193-ab85-7a34593d6bde,431,Automatic,,ACTIVITY_TYPE_AUTOMATIC,,0,1,0,0,2021-03-09 03:56:24,2025-11-10 03:03:18.914503,False,1,False,,,
23140,3b95280f-2a05-4aca-af1c-65ce88fa6fe6,431,Manual,,ACTIVITY_TYPE_MANUAL,,0,1,0,0,2021-03-09 03:56:24,2025-11-10 03:03:18.919778,False,1,False,,,
23141,6c267c9a-3093-4ed4-8c83-b512ffbe304c,431,Call Disposition,,ACTIVITY_TYPE_CALL_DISPOSITION,,0,1,0,0,2021-03-09 03:56:24,2025-11-10 03:03:18.924275,False,1,False,,,
23142,8f3b4821-a55d-4581-93df-63b9e52fdc38,432,Spanish Speaker,,SPANISH_SPEAKER,,3,,1,0,2020-10-29 04:15:24,2025-11-10 03:03:18.930517,False,1,False,,,
23143,a429f7fe-23f3-4cfb-aa8f-6f9bc3a626b4,432,Donor Needs Callback,,DONOR_NEEDS_CALLBACK,,2,,1,0,2020-10-29 04:15:24,2025-11-10 03:03:18.935322,False,1,False,,,
23144,2cd41f27-6372-4443-a2d2-fea3be6cdeee,432,Donor Not Available,,DONOR_NOT_AVAILABLE,,1,,1,0,2020-10-29 04:15:24,2025-11-10 03:03:18.939837,False,1,False,,,
23145,6c083428-433b-4296-a632-8c48c261802f,433,TRUE,,,,0,1,0,0,2022-07-21 03:48:34,2025-11-10 03:03:18.94493,False,1,False,,,
23146,f63bd31d-9cb5-4044-8abd-73e7c50b45b7,433,FALSE,,,,0,1,0,0,2022-07-21 03:48:37,2025-11-10 03:03:18.949212,False,1,False,,,
23147,58f65ee0-c032-4220-a6bd-f690cf00bae9,434,Standard,,,,0,1,0,0,2022-07-21 03:48:43,2025-11-10 03:03:18.954833,False,1,False,,,
23148,47857829-9d68-4f08-b051-d8bf1dd1dbb3,434,Manual Insert,,,,0,1,0,0,2022-07-21 03:48:46,2025-11-10 03:03:18.959293,False,1,False,,,
23149,acfd7591-4103-4e2e-9a2e-0a29ebb7e4e8,434,Custom Letterhead,,,,0,1,0,0,2022-07-21 03:48:48,2025-11-10 03:03:18.963777,False,1,False,,,
23150,05b23d68-b304-4216-b734-5e9266ecc92f,435,Is Empty,,IS_EMPTY,,0,1,0,0,2022-08-10 05:01:26,2025-11-10 03:03:18.969397,False,1,False,,,
23151,efe48d8b-dd8d-4cce-a2e8-9b04215cf483,435,Is Not Empty,,IS_NOT_EMPTY,,0,1,0,0,2022-08-10 05:01:29,2025-11-10 03:03:18.974124,False,1,False,,,
23152,9492f7f8-ea43-4e7b-9a0c-6f5ac05fc0e6,436,Direct Buy,,,,0,1,0,0,2022-11-02 06:33:54,2025-11-10 03:03:18.979868,False,1,False,,,
23153,8748a1ad-a4be-4cfd-afbd-d7ff2b1c34ff,436,Auction,,,,0,1,0,0,2022-11-02 06:33:59,2025-11-10 03:03:18.984319,False,1,False,,,
23154,9964cc34-3fe0-40f3-b1fc-80d4db9c1bb5,436,Hybrid,,,,0,1,0,0,2022-11-02 06:34:02,2025-11-10 03:03:18.988737,False,1,False,,,
23155,f5527b9b-85df-4a98-94d2-d401287ef10c,436,Premium Direct Buy,,,,0,1,0,0,2022-11-02 06:34:07,2025-11-10 03:03:18.993075,False,1,False,,,
23156,c8e91b8a-a751-4903-9623-473459a07bec,437,Equal To,,EQUAL_TO,,0,1,0,0,2022-11-29 01:59:27,2025-11-10 03:03:18.999014,False,1,False,,,
23157,3ea8beef-9007-4721-8314-acbcedc3d032,437,Not Equal To,,NOT_EQUAL_TO,,0,1,0,0,2022-11-29 01:59:30,2025-11-10 03:03:19.003506,False,1,False,,,
23158,484eb081-c0e1-4438-b5cc-e798c557a538,437,Greater Than,,GREATER_THAN,,0,1,0,0,2022-11-29 01:59:16,2025-11-10 03:03:19.00818,False,1,False,,,
23159,f2aee2ee-63c0-43d9-8f09-f978b033c41a,437,Less Than,,LESS_THAN,,0,1,0,0,2022-11-29 01:59:19,2025-11-10 03:03:19.012629,False,1,False,,,
23160,1fa8c84f-b8a8-4565-b83b-a8b8275a9445,437,Not Empty,,NOT_EMPTY,,0,1,0,0,2022-11-29 01:59:25,2025-11-10 03:03:19.017276,False,1,False,,,
23161,7ec83728-4d07-4ec9-9fee-2c28458c8508,437,Empty,,EMPTY,,0,1,0,0,2022-11-29 01:59:22,2025-11-10 03:03:19.021815,False,1,False,,,
23162,b1b92ffd-c46c-4552-b595-13a74ab5ae81,437,Exists,,EXISTS,,0,1,0,0,2024-07-16 01:21:16,2025-11-10 03:03:19.026095,False,1,False,,,
23163,d22471a4-26f8-4ed1-904a-ba8b34b31c36,437,Does Not Exist,,DOES_NOT_EXISTS,,0,1,0,0,2024-07-16 01:21:18,2025-11-10 03:03:19.030542,False,1,False,,,
23164,518cda44-554e-4057-b047-8782d3b46b66,437,Over,,OVER,,0,,0,0,2024-10-30 05:00:31,2025-11-10 03:03:19.034639,False,1,False,,,
23165,7690fd66-8e44-4790-9cef-97714f52e779,437,Under,,UNDER,,0,,0,0,2024-10-30 05:00:35,2025-11-10 03:03:19.03877,False,1,False,,,
23166,748d6182-e51e-4db9-b98c-83b81bf4a5ad,437,In,,IN,,0,,0,0,2024-10-30 05:00:39,2025-11-10 03:03:19.043013,False,1,False,,,
23167,4f8b8a8f-2b8c-4c76-9430-a8f07eec49e4,437,is not empty,,IS_EMPTY,,0,,0,0,2024-10-30 05:00:42,2025-11-10 03:03:19.046865,False,1,False,,,
23168,5a5b7b2e-fd1e-4e1b-96da-38f2eaefb962,437,Contains,,CONTAINS,,0,,0,0,2024-10-30 05:00:45,2025-11-10 03:03:19.050961,False,1,False,,,
23169,50f0c107-3d3b-4dd0-8af6-e56ade461dde,437,Greater Than And Equal To,,GREATER_THAN_AND_EQUAL_TO,,0,1,0,0,2025-02-19 20:02:01,2025-11-10 03:03:19.055455,False,1,False,,,
23170,c2b11102-c877-4b20-82ef-fbff1b6ec28b,437,Less Than And Equal To,,LESS_THAN_AND_EQUAL_TO,,0,1,0,0,2025-02-19 20:02:07,2025-11-10 03:03:19.060018,False,1,False,,,
23171,7a61c773-9c98-4ea9-9a52-c5b81f26d8e9,437,Between,,BETWEEN,,0,1,0,0,2025-03-18 22:46:30,2025-11-10 03:03:19.064665,False,1,False,,,
23172,97e0b23b-67bf-482a-a527-a655ee7e12fc,438,SUBTRACT,,SUBTRACT,,0,1,0,0,2022-11-29 01:59:39,2025-11-10 03:03:19.071124,False,1,False,,,
23173,fd220678-81e0-4d4a-9ba5-f67b7b459d67,438,ADD,,ADD,,0,1,0,0,2022-11-29 01:59:39,2025-11-10 03:03:19.075598,False,1,False,,,
23174,431e2e85-20dc-434a-9d1f-97fa229cda46,439,FAILED,,,,0,1,0,0,2023-03-02 06:19:27,2025-11-10 03:03:19.08134,False,1,False,,,
23175,87b7c889-224e-4f0b-92de-ca829b653154,439,NO_CONTENT,,,,0,1,0,0,2023-03-02 06:19:31,2025-11-10 03:03:19.085937,False,1,False,,,
23176,5c68daef-50dd-4afa-ad79-674cf25a94e8,439,OK,,,,0,1,0,0,2023-03-02 06:19:35,2025-11-10 03:03:19.090394,False,1,False,,,
23177,032ee291-53ff-40b0-b28b-8ac70c452c9c,439,ACCEPT,,,,0,1,0,0,2023-03-02 06:19:38,2025-11-10 03:03:19.094273,False,1,False,,,
23178,18e07e26-773d-41e7-8f91-c866c1be12b2,439,PARTIAL,,,,0,1,0,0,2023-03-02 06:19:40,2025-11-10 03:03:19.098475,False,1,False,,,
23179,628a76f1-d5a6-4518-a5d7-6aa453eb6300,439,REJECT,,,,0,1,0,0,2023-03-02 06:19:43,2025-11-10 03:03:19.102425,False,1,False,,,
23180,c806b926-917a-4500-b9b5-d169eb5f7586,439,SUCCESS,,,,0,1,0,0,2023-03-02 06:19:45,2025-11-10 03:03:19.106694,False,1,False,,,
23181,395b6537-156e-4b33-85b7-bc54dddaae76,440,Year/Make/Model/VIN is incorrect per title or AH sales paperwork,,,,7,,0,0,2023-05-17 16:26:26,2025-11-10 03:03:19.111951,False,1,False,,,
23182,c644b7fb-b9c1-4b34-9c03-dacf8713dd42,440,Donor provided SSN/EIN for the first time,,,,0,,0,0,2024-01-09 06:47:09,2025-11-10 03:03:19.116047,False,1,False,,,
23183,5488f998-1517-4641-bc0b-c6cea3fa3991,440,Incorrect Tax-ID (SSN/EIN) (Corrected 1098C Tag needed),,,,1,,0,0,2023-05-17 16:26:05,2025-11-10 03:03:19.120108,False,1,False,,,
23184,826af9fa-8fd5-4d76-a0be-5af0320aa4a7,440,Incorrect charity assignment per donor,,,,2,,0,0,2023-05-17 16:26:15,2025-11-10 03:03:19.124697,False,1,False,,,
23185,97e12f78-73c7-47a0-b0fe-f6113d80c5f2,440,Titled-owner is deceased – Executor taking deduction,,,,5,,0,0,2023-05-17 16:27:00,2025-11-10 03:03:19.128808,False,1,False,,,
23186,550731cf-9042-4b1f-abb8-d5b9ff32bb96,440,Other,1,REASON_OTHER,,8,1,0,0,2023-05-16 22:46:25,2025-11-10 03:03:19.132994,False,1,False,,,
23187,42d6c02b-7fb7-427a-9f7e-7441c60151a3,440,"Donor Name/Company Name/ Estate/Trust spelled incorrectly, missing or modified",,,,3,,0,0,2023-05-17 16:25:52,2025-11-10 03:03:19.137614,False,1,False,,,
23188,75e959ef-8b38-42fd-b874-95893c30e553,440,Year/Make/Model/VIN is incorrect per donor,,,,6,,0,0,2023-05-17 16:26:37,2025-11-10 03:03:19.142254,False,1,False,,,
23189,abd9a899-334b-4366-823a-6150e5863e7a,440,Co-owner on Title taking deduction,,,,4,,0,0,2023-05-17 16:26:50,2025-11-10 03:03:19.146647,False,1,False,,,
23190,f4a6710b-3568-4fd3-8361-2347ca83b7bd,441,Other,1,REASON_OTHER,,0,1,0,0,2023-07-12 03:56:44,2025-11-10 03:03:19.153394,False,1,False,,,
23191,44a7bf3e-0878-4d5d-b276-31c138e2c4bf,442,Other,,REASON_OTHER,,0,1,0,0,2023-07-12 11:14:56,2025-11-10 03:03:19.164005,False,1,False,,,
23192,c7cb3806-6922-4690-a236-be6ba5b6ff57,442,Donor is using a REG 262 to transfer ownership from the donor to CARS (CA only),,,,0,,0,0,2023-07-13 18:02:39,2025-11-10 03:03:19.168872,False,1,False,,,
23193,853bec1f-9e39-4ed7-80d3-52b6b46a8e30,442,"Donor has undergone a name change (marriage, divorce, etc.)",,,,0,,0,0,2023-07-13 18:02:52,2025-11-10 03:03:19.159485,False,1,False,,,
23194,cb2d2660-11b2-4372-90d4-212baeed9458,442,"Title owner is deceased with probate, and the executor will be claiming the deduction.",,,,0,,0,0,2023-07-13 18:03:26,2025-11-10 03:03:19.173086,False,1,False,,,
23195,cbf955f0-3d99-4248-a083-374bd053bca1,442,Vehicle is Titled to Trust – copy of the Trust Cert is required with Title. ,,,,0,,0,0,2023-07-13 18:06:19,2025-11-10 03:03:19.177594,False,1,False,,,
23196,0af3d84f-dd03-4cd9-b3a2-5e33b3acb869,442,"Title owner is deceased without probate, informant will be taking deduction (if State allows)",,REASON_OTHER,,0,,0,0,2023-07-13 18:05:30,2025-11-10 03:03:19.182301,False,1,False,,,
23197,f0a63a1e-22e2-4d31-898f-37ff959cacc3,442,Donor's name is misspelled on the title (please provide details in the notes section).,,REASON_OTHER,,0,,0,0,2023-07-13 18:03:09,2025-11-10 03:03:19.186442,False,1,False,,,
23198,061ff18d-95f1-41d8-82c5-2168e0f7b4a2,443,On Action,,automatic_callback_trigger_generation_types_on_action,,0,,0,0,2025-02-19 20:01:25,2025-11-10 03:03:19.192097,False,1,False,,,
23199,94dc6942-b23c-458b-ae93-cac0a8b80eac,443,Time of Day,,automatic_callback_trigger_generation_types_time_of_day,,0,,0,0,2025-02-19 20:01:32,2025-11-10 03:03:19.196942,False,1,False,,,
23200,3f378ec8-5f5b-4359-a330-ac4bac723912,444,Does Not Exist,,,,0,1,0,0,2025-02-19 20:01:46,2025-11-10 03:03:19.202527,False,1,False,,,
23201,bd95bdf8-a6ee-44a9-9260-777d16cc5996,444,Exists,,,,0,1,0,0,2025-02-19 20:01:53,2025-12-01 07:17:23.020172,False,1,False,,,
23202,a0050bfc-446a-4099-8fd9-25430466f307,445,Auction,,,,0,1,0,0,2018-04-02 06:33:56,2025-11-10 03:03:19.214591,False,1,False,,,
23203,fa52b7d4-f20d-4dbc-9e20-f404b6ac6617,445,Direct Buy,,,,0,1,0,0,2018-04-02 06:33:56,2025-11-10 03:03:19.219404,False,1,False,,,
23204,26644dc2-a43b-4269-8123-88caa3c3710e,445,Premium Direct Buy,,,,0,1,0,0,2024-06-18 01:29:45,2025-11-10 03:03:19.235047,False,1,False,,,
23213,ccfc31c5-c324-4a00-8dde-2dfd21598e6b,449,Minutes,,,,0,,0,0,2024-04-17 05:32:32,2025-11-10 03:03:19.30279,False,1,False,,,
23214,5eb6f569-8769-4ebd-9622-abce720758e1,449,Hours,,,,0,,0,0,2024-04-17 05:32:32,2025-11-10 03:03:19.307589,False,1,False,,,
23215,a9fbd2e5-ae55-4a70-9880-73be91d86bdd,449,Days,,,,0,,0,0,2024-04-17 05:32:32,2025-11-10 03:03:19.312195,False,1,False,,,
23216,6a87d28c-ec32-42f9-bde2-605b72205dd7,450,Does Not Exist,,,,0,1,0,0,2024-07-16 01:21:07,2025-11-10 03:03:19.317846,False,1,False,,,
23217,2dbc9aea-a15b-4021-92e9-7e3ff7340051,450,Exists,,,,0,1,0,0,2024-07-16 01:21:07,2025-11-10 03:03:19.322384,False,1,False,,,
23218,5e9e240b-a8c4-4ad2-910e-bf75b6b302c4,451,Status Updated From External Integration,,STATUS_UPDATED_FROM_EXTERNAL_INTEGRATION,,0,,0,0,2025-02-19 20:02:56,2025-11-10 03:03:19.328921,False,1,False,,,
23219,b94c5f4e-6f39-4706-a3a2-5bc0aaf4589f,451,Lead Status Changed To New Lead,,LEAD_STATUS_CHANGED_TO_NEW_LEAD,,0,,0,0,2025-02-19 20:03:04,2025-11-10 03:03:19.333635,False,1,False,,,
23220,a9b47ca6-3f13-4f80-a0ce-02d162ee4730,451,Lead Status Changed To Ssdf Expired,,LEAD_STATUS_CHANGED_TO_SSDF_EXPIRED,,0,,0,0,2025-02-19 20:03:12,2025-11-10 03:03:19.337697,False,1,False,,,
23221,829f24b9-7ea2-42f3-953d-9dfb70587b79,291,IAA/ARD System Update,"ccc,ceps",IAA_ARD_SYSTEM_UPDATES,,0,1,0,0,2023-01-25 04:01:14,2025-11-10 03:03:19.344802,False,1,False,,,
23222,c83e93c0-7d88-4248-aec2-6783151ee7f8,291,Webinar,crmsales,,,0,0,0,0,2021-11-02 21:18:46,2025-11-10 03:03:19.350056,False,1,False,,,
23223,b958efcb-bae6-4ba4-b1c2-2151f10d0622,291,Accounting Edits,,,,0,0,0,0,2017-09-22 17:19:42,2025-11-10 03:03:19.38211,False,1,False,,,
23224,34994b43-7ca1-487e-b0ef-e806b16c6106,291,Meeting,crmsales,MEETING,,0,,0,0,2015-08-17 12:26:40,2025-11-10 03:03:19.528815,False,1,False,,,
23225,600f36c8-505b-486f-8a35-3c98792075dc,291,Demo,crmsales,DEMO,,0,,0,0,2015-08-17 12:26:40,2025-11-10 03:03:19.533183,False,1,False,,,
23226,21c1201b-4824-4164-b7db-465ac3569372,291,Resend Docs,"ccc,ceps",VEHICLE_RESEND_DOCS,,0,1,0,0,2017-07-31 05:54:26,2025-11-10 03:03:19.587842,False,1,False,,,
23227,cab74415-e98f-4cb4-8517-92b170bf4e93,291,1098-C Sent,"ccc,ceps",FORM_1098_C_SENT,,0,1,0,0,2017-07-31 05:54:26,2025-11-10 03:03:19.604307,False,1,False,,,
23228,b71b3373-d23d-46e0-8666-0bad1744bf44,291,Form 8283,"ccc,ceps",FORM_8283,,0,1,0,0,2017-07-31 05:54:26,2025-11-10 03:03:19.608844,False,1,False,,,
23229,8c6d54de-be94-45ba-bb4b-58bf07e6a465,291,Transaction Created,"ccc,ceps",ADDED_VEHICLE_TRANSACTION,,0,1,0,0,2017-07-31 05:54:26,2025-11-10 03:03:19.613012,False,1,False,,,
23230,93678bc9-302a-402c-8971-0654b7b6eca2,291,Repair Requested,"ccc,ceps",REPAIR_REQUESTED,,0,1,0,0,2017-07-31 05:54:26,2025-11-10 03:03:19.620964,False,1,False,,,
23231,a2577ba3-1755-46df-be0b-1faec42b03a9,291,Repair Approved,"ccc,ceps",REPAIR_APPROVED,,0,1,0,0,2017-07-31 05:54:26,2025-11-10 03:03:19.625243,False,1,False,,,
23232,79b9ad80-8d27-4f79-b34f-4935db325b7d,291,Updated Repair Request,"ccc,ceps",UPDATE_REPAIR_REQUEST,,0,1,0,0,2017-07-31 05:54:26,2025-11-10 03:03:19.630029,False,1,False,,,
23233,4c82c57c-94c3-4f95-a0cb-8c1b5d967616,291,Updated Donation,"ccc,ceps",UPDATE_DONATION,,0,1,0,0,2017-07-31 05:54:26,2025-11-10 03:03:19.634279,False,1,False,,,
23234,ded6eaa6-8d74-4b61-a377-ec3fd1f76b4d,291,Created Donation,"ccc,ceps",ADD_DONATION,,0,1,0,0,2017-07-31 05:54:26,2025-11-10 03:03:19.638597,False,1,False,,,
23235,38591013-760e-477f-aef8-fa9049e5269b,291,Reassigned Donation,"ccc,ceps",REASSIGNED_DONATION,,0,1,0,0,2017-07-31 05:54:26,2025-11-10 03:03:19.64248,False,1,False,,,
23236,3e6c1d73-fd69-4b9f-abe9-bfae14e0f98b,291,Donation Status Updated,"ccc,ceps",DONATION_STATUS_CHANGED,,0,1,0,0,2017-07-31 05:54:26,2025-11-10 03:03:19.646233,False,1,False,,,
23237,6719f9fa-d761-440f-8cdb-d5b68be599c9,291,Invoice Automatically Generated,"ccc,ceps",VENDOR_INVOICE,,0,1,0,0,2017-07-31 05:55:00,2025-11-10 03:03:19.650169,False,1,False,,,
23238,f47bf1be-d123-4c65-a032-bedb3a570366,291,Callback - Failed to Reach,"ccc,ceps",MARK_AS_FAILED_TO_CONTACT,,0,1,0,0,2017-07-31 05:54:26,2025-11-10 03:03:19.654156,False,1,False,,,
23239,30045e77-392c-4d0b-a4a8-54cccaf2327c,291,Vehicle Created,"ccc,ceps",CREATED_VEHICLE,,0,1,0,0,2017-07-31 05:54:26,2025-11-10 03:03:19.658245,False,1,False,,,
23240,29cfc0fc-015d-4218-85ba-da6d69810669,291,Vehicle Updated,"ccc,ceps",UPDATE_VEHICLE,,0,1,0,0,2017-07-31 05:54:26,2025-12-15 13:08:22.44385,False,1,False,,,
23241,431bc2b1-f536-42c3-8912-bbe488607ee0,291,TIN Request Sent,"ccc,ceps",TIN_REQUEST_SENT,,0,1,0,0,2017-07-31 05:54:26,2025-11-10 03:03:19.665902,False,1,False,,,
23242,c63ec4a4-6c14-4bb8-9db4-50f3d91dc207,291,Thank You Letter Downloaded,,THANK_YOU_LETTER_DOWNLOADED,,0,1,0,0,2018-03-15 13:50:06,2025-11-10 03:03:19.677143,False,1,False,,,
23243,9ed20980-86e5-46ff-b7d0-af436ea4545d,291,Vendor Assigned,,VENDOR_ASSIGNED,,0,1,0,0,2018-02-12 07:31:24,2025-11-10 03:03:19.680836,False,1,False,,,
23244,ba086d00-12b3-4e02-a3d6-5f6b936394d4,291,Form 1098c Downloaded,,FORM_1098_C_DOWNLOADED,,0,1,0,0,2018-03-15 13:50:06,2025-11-10 03:03:19.684505,False,1,False,,,
23245,2396bb31-ba57-4feb-bb62-f8638b917a4b,291,TIN Downloaded,,TIN_DOWNLOADED,,0,1,0,0,2018-07-09 03:25:22,2025-11-10 03:03:19.68813,False,1,False,,,
23246,19e21b11-29e3-429b-9732-2ff99ee16b84,291,Statement Automatically Generated,,VENDOR_STATEMENT,,0,1,0,0,2018-07-19 03:23:14,2025-11-10 03:03:19.692924,False,1,False,,,
23247,c627b901-e88f-435a-85c8-c1eecaca40b2,291,Form 1098-D downloaded,,FORM_1098_C_COPY_D_DOWNLOADED,,0,1,0,0,2018-08-02 05:38:45,2025-11-10 03:03:19.696965,False,1,False,,,
23248,7d6846ee-71f2-4488-8caf-cab929f56b6f,291,Thank You Letter Mailed,"ccc,ceps",THANK_YOU_LETTER_SENT,,0,1,0,0,2017-07-31 05:54:26,2025-11-10 03:03:19.700913,False,1,False,,,
23249,73f29b39-b4ae-4ca2-874d-3eddf5c9ed09,291,CATS : Vehicle Updated,,CATS_VEHICLE_UPDATE,,0,1,0,0,2018-11-01 00:24:17,2025-11-10 03:03:19.70805,False,1,False,,,
23250,ddcc4060-9bf5-4e39-9975-9bf1cc768ddc,291,Lead Call,crmsales,,,0,0,0,0,2019-06-24 21:41:16,2025-11-10 03:03:19.711448,False,1,False,,,
23251,f3c73eb4-a484-4b41-bfa7-d5dae04cda5d,291,Conference Call Follow Up,crmsales,,,0,0,0,0,2019-06-24 21:48:10,2025-11-10 03:03:19.715316,False,1,False,,,
23252,61eb0265-e669-4b08-b487-8980da9025e6,291,Switched Owner,crmsales,,,0,0,0,0,2019-12-26 16:48:39,2025-11-10 03:03:19.720181,False,1,False,,,
23253,a5852cf1-e472-43df-950a-f4e935910c6b,291,Contact update,crmsales,,,0,0,0,0,2020-01-02 23:49:49,2025-11-10 03:03:19.728826,False,1,False,,,
23254,534c2f8a-5228-49e5-8924-398a73acf320,291,Call - Marketing,crmsales,,,0,0,0,0,2020-01-14 22:26:26,2025-11-10 03:03:19.733462,False,1,False,,,
23255,3ce305cd-8213-421e-9cbe-c436d18ee7c9,291,Call - Conference Related,crmsales,,,0,0,0,0,2020-01-14 22:27:44,2025-11-10 03:03:19.756527,False,1,False,,,
23256,02df899e-a09b-431c-9be8-e7eeae99aa78,291,Conference Meeting - Chat,crmsales,,,0,0,0,0,2020-01-14 22:29:32,2025-11-10 03:03:19.760521,False,1,False,,,
23257,aba86273-25bd-4807-80dc-ffd1119af50f,291,Conference Meeting - Full Meeting,crmsales,,,0,0,0,0,2020-01-14 22:29:47,2025-11-10 03:03:19.764304,False,1,False,,,
23258,bdc4746a-4bb4-458a-a92d-b14108e00ec4,291,Site Visit Meeting,crmsales,,,0,0,0,0,2020-01-14 22:29:57,2025-11-10 03:03:19.767699,False,1,False,,,
23259,2c40464e-ce02-40a3-bce9-e39d31c0f837,291,CARS Office Visit,crmsales,,,0,0,0,0,2020-01-14 22:30:06,2025-11-10 03:03:19.771714,False,1,False,,,
23260,6da02542-619e-4727-a993-d79c333c098b,291,Events and Galas,crmsales,,,0,0,0,0,2020-01-14 22:30:14,2025-11-10 03:03:19.775402,False,1,False,,,
23261,bcef7134-6d6b-49b2-b3b7-fc9d8b381b42,291,Luncheon,crmsales,,,0,0,0,0,2020-01-15 19:07:15,2025-11-10 03:03:19.778857,False,1,False,,,
23262,c2e298a7-57dd-4ef0-b924-cb817fdd6eff,291,Marketing Update,crmsales,,,0,0,0,0,2020-01-22 16:52:20,2025-11-10 03:03:19.782223,False,1,False,,,
23263,9111ecd2-b89d-46d4-a8d8-b3660a2d1e97,291,Task,crmsales,,,0,0,0,0,2020-02-19 16:07:57,2025-11-10 03:03:19.785929,False,1,False,,,
23264,f9009450-e281-4f58-8190-ddd1e2e5d0b9,291,Contract Reviewed,crmsales,,,0,0,0,0,2020-08-19 22:58:51,2025-11-10 03:03:19.78973,False,1,False,,,
23265,5bbd3b74-16fa-4dc3-aa02-b77bb54e3136,291,Reminder,crmsales,,,0,0,0,0,2020-09-10 23:23:33,2025-11-10 03:03:19.793841,False,1,False,,,
23266,3dc1a7f4-e77f-404d-954f-4ccd2f2dc75f,291,Call - Donor Testimonial,crmsales,,,0,0,0,0,2020-11-24 20:44:41,2025-11-10 03:03:19.797715,False,1,False,,,
23267,18bf6bc6-6c76-46bb-b0d0-424d66c7252c,291,Form 8282,,FORM_8282,,0,1,0,0,2021-04-06 02:56:54,2025-11-10 03:03:19.801595,False,1,False,,,
23268,c6dbe16e-392f-4fc8-8e5f-6611b27ea4d3,291,Partner Visit,crmsales,,,0,0,0,0,2021-08-11 17:50:53,2025-11-10 03:03:19.80521,False,1,False,,,
23269,18d20719-f658-49b3-94d0-6f2b011e2d28,291,Automatic Bids Gathered,"ccc,ceps",AUTOMATIC_BIDS_GATHERED,,0,1,0,0,2021-08-26 00:14:53,2025-11-10 03:03:19.809348,False,1,False,,,
23270,b0c6817e-e118-4bdb-8d4f-5b81412f1927,291,Contact Attached To Voicemail,"ccc,ceps",CONTACT_ATTACHED_TO_VOICEMAIL,,0,1,0,0,2022-01-18 06:34:55,2025-11-10 03:03:19.817785,False,1,False,,,
23271,0e8de8ae-5368-4cb9-8095-1fbebd5df451,291,Real Estate Program Discussion,crmsales,,,0,0,0,0,2022-03-31 15:37:27,2025-11-10 03:03:19.821882,False,1,False,,,
23272,6ac7ffd3-a48a-49b2-b636-28c1528d2861,291,Donor Search Export Generated,"ccc,ceps",DONOR_SEARCH_PROFILE,,0,1,0,0,2023-09-14 07:14:02,2025-11-10 03:03:19.825519,False,1,False,,,
23273,dc67a03d-7143-4a10-8bc4-26100db0d076,291,SMS,"crmsales,ccc,ceps",SMS,,0,,1,0,2024-09-30 01:52:28,2025-11-10 03:03:19.829453,False,1,False,,,
23274,37dc065c-6649-4b7a-b08c-e656f9a1fee3,291,Get Auction List ,,GET_AUCTION_LIST,,0,,0,0,2025-01-13 22:15:06,2025-11-10 03:03:19.837184,False,1,False,,,
23275,39bd860c-6653-48d6-8e87-e044d3f3d483,452,Commercial/Cutaway/Chassis,,,,0,,0,0,2024-10-29 23:06:58,2025-11-10 03:03:19.843228,False,1,False,,,
23276,ff9479f7-647c-47b0-8d55-be824a513dd8,452,Crew Cab,,,,0,,0,0,2024-10-29 23:07:01,2025-11-10 03:03:19.847221,False,1,False,,,
23277,66acec96-d772-41b8-80f5-9db7d800c693,452,Passenger,,,,0,,0,0,2024-10-29 23:07:04,2025-11-10 03:03:19.852013,False,1,False,,,
23278,f35ab056-2079-4576-b2f6-d947c619874d,452,Extended Cab,,,,0,,0,0,2024-10-29 23:07:06,2025-11-10 03:03:19.855538,False,1,False,,,
23279,09afd967-8caa-495e-acbd-13707fc641a0,452,Extended Length Passenger,,,,0,,0,0,2024-10-29 23:07:09,2025-11-10 03:03:19.859404,False,1,False,,,
23280,9488cffd-7609-4827-9d42-eeff20ece26e,452,Extended Length Cargo,,,,0,,0,0,2024-10-29 23:07:15,2025-11-10 03:03:19.864313,False,1,False,,,
23281,6dfece98-a44b-43dc-aebf-3acd0736e6f1,452,Crossover,,,,0,,0,0,2024-10-29 23:07:18,2025-11-10 03:03:19.868453,False,1,False,,,
23282,13b92630-8a25-478a-be70-c2a9e323e69c,452,Cargo,,,,0,,0,0,2024-10-29 23:07:21,2025-11-10 03:03:19.872305,False,1,False,,,
23283,ba04fc50-1afd-468b-b217-36e8c35a5db4,452,Regular Cab,,,,0,,0,0,2024-10-29 23:07:24,2025-11-10 03:03:19.87616,False,1,False,,,
23284,03bc20b7-52e3-4de6-98cd-b30241e55081,452,Sleeper Cab,,,,0,,0,0,2024-10-29 23:07:29,2025-11-10 03:03:19.879971,False,1,False,,,
23285,b15eee8e-fa88-42e7-aeb6-2c1fda3b89eb,453,1+,,,,0,,0,0,2024-10-30 01:42:00,2025-11-10 03:03:19.884821,False,1,False,,,
23286,432774dc-4430-47e4-b3e7-6f756018cf75,453,Compact,,,,0,,0,0,2024-10-30 01:42:01,2025-11-10 03:03:19.888843,False,1,False,,,
23287,ab7d8d10-a281-4aae-a3b5-38785c152e4f,453,1/4,,,,0,,0,0,2024-10-30 01:42:01,2025-11-10 03:03:19.892551,False,1,False,,,
23288,62703117-4dcc-4741-b046-e49d7578740c,453,3/4,,,,0,,0,0,2024-10-30 01:42:01,2025-11-10 03:03:19.896103,False,1,False,,,
23289,66fb2b8a-52af-432b-ae6f-e09b06e5995f,453,1/2,,,,0,,0,0,2024-10-30 01:42:02,2025-11-10 03:03:19.900003,False,1,False,,,
23290,baab42ab-b94a-405c-8d22-c5a967e3af6d,454,FALSE,,,,0,,0,0,2024-10-30 01:42:14,2025-11-10 03:03:19.904876,False,1,False,,,
23291,5fb45a5b-8189-4a79-8564-a5150f6e3a63,454,TRUE,,,,0,,0,0,2024-10-30 01:42:15,2025-11-10 03:03:19.908754,False,1,False,,,
23292,2111109d-6b0a-4312-b3ff-8c45b6c6576b,455,Delete  Pickup Box,,,,0,,0,0,2024-10-30 01:42:29,2025-11-10 03:03:19.914486,False,1,False,,,
23293,29efbd4d-b124-4db2-bbec-3e01ea9c283c,455,Pickup Box Delete,,,,0,,0,0,2024-10-30 01:42:30,2025-11-10 03:03:19.918507,False,1,False,,,
23294,082ec7a3-f0b8-4333-ab5d-8a2241baf9b2,456,Under 3000,,,,0,,0,0,2024-10-30 01:42:52,2025-11-10 03:03:19.924812,False,1,False,,,
23295,8593685d-b11e-467a-a737-c207c414ff83,456,Over 19500,,,,0,,0,0,2024-10-30 01:42:56,2025-11-10 03:03:19.930183,False,1,False,,,
23296,f46042f1-cf78-4001-8f75-b7ad4c7ae797,456,47001-57000,,,,0,,0,0,2024-10-30 01:43:14,2025-11-10 03:03:19.934603,False,1,False,,,
23297,1448ad3d-0af0-454a-99e1-b8b79028faf3,456,Over 26000,,,,0,,0,0,2024-10-30 01:43:14,2025-11-10 03:03:19.939743,False,1,False,,,
23298,67230635-391b-4d04-86eb-f1b0a2518ce0,456,Over 33001,,,,0,,0,0,2024-10-30 01:43:14,2025-11-10 03:03:19.94373,False,1,False,,,
23299,dd9e2df5-4615-4084-9055-126c662edc2e,456,Over 55001,,,,0,,0,0,2024-10-30 01:43:15,2025-11-10 03:03:19.948067,False,1,False,,,
23300,410ecc29-2011-4e69-8f61-30e9b065d592,456,Over 70001,,,,0,,0,0,2024-10-30 01:43:15,2025-11-10 03:03:19.952531,False,1,False,,,
23301,3c6cf82f-dc79-4576-a6ab-d08a178c771a,456,Over 80001,,,,0,,0,0,2024-10-30 01:43:15,2025-11-10 03:03:19.957101,False,1,False,,,
23302,57d99958-8102-453f-9fed-9f23d6ff5e83,456,2001-3000,,,,0,,0,0,2024-10-30 01:43:16,2025-11-10 03:03:19.961441,False,1,False,,,
23303,f816bf36-6ccc-4c76-94eb-2beb0d8024df,456,3001-4000,,,,0,,0,0,2024-10-30 01:43:16,2025-11-10 03:03:19.965446,False,1,False,,,
23304,0d51d554-63bf-4621-b6f4-3dc3bc7085c3,456,4001-5000,,,,0,,0,0,2024-10-30 01:43:17,2025-11-10 03:03:19.969146,False,1,False,,,
23305,35df05db-b015-41b6-a6df-343d194f4f0b,456,5001-6000,,,,0,,0,0,2024-10-30 01:43:17,2025-11-10 03:03:19.972892,False,1,False,,,
23306,ba49dbe9-039a-4ccd-ad85-eea4ad0ba89d,456,6001-7000,,,,0,,0,0,2024-10-30 01:43:17,2025-11-10 03:03:19.976605,False,1,False,,,
23307,d83cb616-ee08-406b-9d73-09be5102355d,456,60001-70000,,,,0,,0,0,2024-10-30 01:43:18,2025-11-10 03:03:19.980304,False,1,False,,,
23308,d2ef94ca-690c-4623-8e8f-167fedb31e6e,456,7001-8000,,,,0,,0,0,2024-10-30 01:43:18,2025-11-10 03:03:19.983951,False,1,False,,,
23309,e88cc604-1925-4a8b-93bb-5dee9c515dd8,456,8001-8500,,,,0,,0,0,2024-10-30 01:43:18,2025-11-10 03:03:19.987499,False,1,False,,,
23310,3e6d1d5a-dabb-4c61-8780-72f05ebdf070,456,8001-9000,,,,0,,0,0,2024-10-30 01:43:19,2025-11-10 03:03:19.992105,False,1,False,,,
23311,302f0e6c-0e79-4914-8627-87f1d9c670d0,456,8501-9000,,,,0,,0,0,2024-10-30 01:43:19,2025-11-10 03:03:19.996636,False,1,False,,,
23312,a65e5ddd-f789-4b18-81cb-40bd101a0b99,456,6001-10000,,,,0,,0,0,2024-10-30 01:43:34,2025-11-10 03:03:20.000285,False,1,False,,,
23313,3d5687ab-6e8b-44d2-a986-6b729dd8c6b7,456,17950-19500,,,,0,,0,0,2024-10-30 01:43:34,2025-11-10 03:03:20.004542,False,1,False,,,
23314,634db645-c027-43fd-a266-696abac89d6a,456,9001-10000,,,,0,,0,0,2024-10-30 01:43:34,2025-11-10 03:03:20.00874,False,1,False,,,
23315,57675eb8-5334-4112-b40d-dbfa0226a8bb,456,9001-14000,,,,0,,0,0,2024-10-30 01:43:35,2025-11-10 03:03:20.012661,False,1,False,,,
23316,d6341d7f-a46d-4c00-a415-c72989cd69a9,456,14001-14500,,,,0,,0,0,2024-10-30 01:43:35,2025-11-10 03:03:20.017083,False,1,False,,,
23317,d401da13-6650-4c4c-ab8b-2f95f643565a,456,14001-15500,,,,0,,0,0,2024-10-30 01:43:35,2025-11-10 03:03:20.021087,False,1,False,,,
23318,922a4869-9582-4683-969a-60666dde4b4e,456,14001-16000,,,,0,,0,0,2024-10-30 01:43:36,2025-11-10 03:03:20.025199,False,1,False,,,
23319,5097eb9d-2e51-4758-ae2e-19625469c320,456,14501-16000,,,,0,,0,0,2024-10-30 01:43:36,2025-11-10 03:03:20.029078,False,1,False,,,
23320,f59985dc-809f-4a2a-9707-ee28a5364a6f,456,16001-17500,,,,0,,0,0,2024-10-30 01:43:37,2025-11-10 03:03:20.032916,False,1,False,,,
23321,e67ee361-6d90-4824-b768-da935f9ce104,456,16001-18000,,,,0,,0,0,2024-10-30 01:43:37,2025-11-10 03:03:20.036796,False,1,False,,,
23322,f0717afa-5aa4-4e23-9963-25374dbf8b08,456,14001-19500,,,,0,,0,0,2024-10-30 01:43:49,2025-11-10 03:03:20.040477,False,1,False,,,
23323,ab1dea69-048f-412b-9501-9f59576602e9,456,16001-19500,,,,0,,0,0,2024-10-30 01:43:49,2025-11-10 03:03:20.04442,False,1,False,,,
23324,b3473f1c-b6b1-4a52-97f2-bc98da20bdfe,456,19501-22500,,,,0,,0,0,2024-10-30 01:43:50,2025-11-10 03:03:20.048447,False,1,False,,,
23325,51e4e589-897a-4225-a8af-c397ad647912,456,19501-23000,,,,0,,0,0,2024-10-30 01:43:50,2025-11-10 03:03:20.052015,False,1,False,,,
23326,381725f3-c742-4ebf-bf50-8263ab80e04c,456,19501-23500,,,,0,,0,0,2024-10-30 01:43:50,2025-11-10 03:03:20.055675,False,1,False,,,
23327,ca2bc21e-779e-4cf5-be68-5f3a3301d08d,456,22501-25995,,,,0,,0,0,2024-10-30 01:43:51,2025-11-10 03:03:20.059401,False,1,False,,,
23328,3add1e2a-0a7c-472f-91b3-6c76aa4ab9f8,456,19501-26000,,,,0,,0,0,2024-10-30 01:43:51,2025-11-10 03:03:20.062879,False,1,False,,,
23329,800b97e2-7591-47d8-9c8b-a35aa8df8ce8,456,23001-26000,,,,0,,0,0,2024-10-30 01:43:51,2025-11-10 03:03:20.066393,False,1,False,,,
23330,b6007156-8ead-43d7-8110-1a2e81607c53,456,23501-26000,,,,0,,0,0,2024-10-30 01:43:52,2025-11-10 03:03:20.069979,False,1,False,,,
23331,4dc7aef6-f846-4803-bd9b-0018beb6345a,456,26001-32000,,,,0,,0,0,2024-10-30 01:44:01,2025-11-10 03:03:20.073642,False,1,False,,,
23332,450be7e2-2066-4b9e-90ac-451bbe7f5842,456,26001-30000,,,,0,,0,0,2024-10-30 01:44:01,2025-11-10 03:03:20.077421,False,1,False,,,
23333,ebeb96d7-66bd-4b0b-9fd9-0237464b446b,456,26001-33000,,,,0,,0,0,2024-10-30 01:44:01,2025-11-10 03:03:20.080981,False,1,False,,,
23334,fc4fa409-a54b-41af-9a54-3f6ba3afa43a,456,10001-14000,,,,0,,0,0,2024-10-30 01:44:02,2025-11-10 03:03:20.084703,False,1,False,,,
23335,33ad633f-8727-4683-82fe-ada8abef0f26,456,30001-33000,,,,0,,0,0,2024-10-30 01:44:02,2025-11-10 03:03:20.088995,False,1,False,,,
23336,79e2feaf-d8a7-4a60-8304-b8384eaa1bb1,456,33001-35000,,,,0,,0,0,2024-10-30 01:44:03,2025-11-10 03:03:20.093336,False,1,False,,,
23337,689a1f29-fecd-4b74-b97c-a6b7998850e7,456,32001-38000,,,,0,,0,0,2024-10-30 01:44:03,2025-11-10 03:03:20.097417,False,1,False,,,
23338,828025c0-32e9-4ce2-81cd-38dffdd4436a,456,33001-40500,,,,0,,0,0,2024-10-30 01:44:03,2025-11-10 03:03:20.101245,False,1,False,,,
23339,5a59f39e-1ba5-4be8-82a6-be4d9eec42c2,456,33001-42000,,,,0,,0,0,2024-10-30 01:44:04,2025-11-10 03:03:20.104991,False,1,False,,,
23340,d5a9d2e3-02e8-4789-a623-6f01584e259c,456,38001-46000,,,,0,,0,0,2024-10-30 01:44:04,2025-11-10 03:03:20.108717,False,1,False,,,
23341,a93e559e-1a72-42e0-a57e-8daa4a19b66e,456,33001-47000,,,,0,,0,0,2024-10-30 01:44:16,2025-11-10 03:03:20.112455,False,1,False,,,
23342,ed2cb95b-00ad-48fa-afad-c758a3de06d9,456,42001-50000,,,,0,,0,0,2024-10-30 01:44:16,2025-11-10 03:03:20.117139,False,1,False,,,
23343,519eafc7-9910-4884-a2b0-8f73b73415fa,456,46001-54000,,,,0,,0,0,2024-10-30 01:44:16,2025-11-10 03:03:20.12118,False,1,False,,,
23344,b74a9fc5-baf4-4fa7-b177-71d11d6e8cd2,456,30001-55000,,,,0,,0,0,2024-10-30 01:44:17,2025-11-10 03:03:20.125266,False,1,False,,,
23345,1b49ea02-446c-49cd-9698-0bc384a34d05,456,33001-55000,,,,0,,0,0,2024-10-30 01:44:18,2025-11-10 03:03:20.129155,False,1,False,,,
23346,ec15b48c-936f-4000-b2dc-a0eff1a929ce,456,48501-58000,,,,0,,0,0,2024-10-30 01:44:18,2025-11-10 03:03:20.13281,False,1,False,,,
23347,b878da41-7921-436a-a39c-d70d72e30116,456,50001-60000,,,,0,,0,0,2024-10-30 01:44:19,2025-11-10 03:03:20.136737,False,1,False,,,
23348,9641c497-bc73-4aea-8157-13fb0c6b27b3,456,54001-62000,,,,0,,0,0,2024-10-30 01:44:20,2025-11-10 03:03:20.140255,False,1,False,,,
23349,23a40575-87d7-41d6-a625-0ada24d897a8,456,58001-69500,,,,0,,0,0,2024-10-30 01:44:21,2025-11-10 03:03:20.143942,False,1,False,,,
23350,d93089d1-b604-4b28-9add-ffefb77198be,456,57001-70000,,,,0,,0,0,2024-10-30 01:44:22,2025-11-10 03:03:20.147444,False,1,False,,,
23351,d266587b-e0df-4f17-9577-47f1dd1304a1,456,62001-70000,,,,0,,0,0,2024-10-30 01:44:22,2025-11-10 03:03:20.151369,False,1,False,,,
23352,a152b82a-0063-4e70-ad8f-cc027f902614,456,40501-48500,,,,0,,0,0,2024-10-30 01:44:23,2025-11-10 03:03:20.155068,False,1,False,,,
23353,25e3c697-20b8-403e-b338-d341823b9717,456,70001-80000,,,,0,,0,0,2024-10-30 01:44:24,2025-11-10 03:03:20.158777,False,1,False,,,
23354,853b178a-da83-458f-ad6f-cc181d0878d8,457,Sedan,,,,0,,0,0,2022-04-19 01:36:48,2025-11-10 03:03:20.16447,False,1,False,,,
23355,1dbaa4a7-2dee-4784-bea9-efad5cc2e71a,457,Hatchback,,,,0,,0,0,2022-04-19 01:36:48,2025-11-10 03:03:20.169054,False,1,False,,,
23356,803c2782-9f7e-4fb3-bb60-7dd842063237,457,Coupe/Sedan,,,,0,,0,0,2022-04-19 01:36:48,2025-11-10 03:03:20.173175,False,1,False,,,
23357,93273384-235b-4428-8cca-2f037f25a30e,457,SUV,,,,0,,0,0,2022-04-19 01:36:48,2025-11-10 03:03:20.17714,False,1,False,,,
23358,b9a4f2bb-79ce-41c2-a1af-298cb07ded55,457,Wagon,,,,0,,0,0,2022-04-19 01:36:48,2025-11-10 03:03:20.180693,False,1,False,,,
23359,7f8e05f8-5c99-41ec-a60b-b229e6fde757,457,Super Car,,,,0,,0,0,2022-04-19 01:36:48,2025-11-10 03:03:20.184064,False,1,False,,,
23360,b7e686bd-c8f1-4ed7-86bf-7fba2bf1877c,457,Full size car,,,,0,,0,0,2022-04-19 01:36:48,2025-11-10 03:03:20.187648,False,1,False,,,
23361,07183a5b-2583-4855-bdcd-6aaf505ed79c,457,Coupe,,,,0,,0,0,2022-04-19 01:36:48,2025-11-10 03:03:20.19081,False,1,False,,,
23362,db76c1ed-db9b-46b9-959c-e3a5ac506fd8,457,Cab Over Engine,,,,0,,0,0,2024-10-29 23:06:31,2025-11-10 03:03:20.194397,False,1,False,,,
23363,83cc944d-57c0-4192-89cd-92a5a1d385b6,457,Full-Size,,,,0,,0,0,2024-10-29 23:05:46,2025-11-10 03:03:20.198613,False,1,False,,,
23364,f2068dc4-1601-41bc-bd8a-8b276e2f12ff,457,Mini-Van,,,,0,,0,0,2024-10-29 23:05:50,2025-11-10 03:03:20.202467,False,1,False,,,
23365,b57c914e-8e87-4055-9a31-08a182f8e57b,457,Coupe/Convertible,,,,0,,0,0,2022-04-19 01:36:48,2025-11-10 03:03:20.206279,False,1,False,,,
23366,609e8a10-7d29-4fe2-8631-bf82a0f5b3db,457,Hatchback/Convertible,,,,0,,0,0,2022-04-19 01:36:48,2025-11-10 03:03:20.209989,False,1,False,,,
23367,7f3ee3b6-bee3-4d7e-98ef-c89975442abd,457,Coupe/Convertible/Hatchback,,,,0,,0,0,2022-04-19 01:36:48,2025-11-10 03:03:20.213452,False,1,False,,,
23368,6bebb6b7-44e7-492f-8240-1ba45ba42b4a,457,Convertible,,,,0,,0,0,2022-04-19 01:36:48,2025-11-10 03:03:20.216939,False,1,False,,,
23369,4b56a282-cd11-4c2e-a2fc-0608cfa55027,457,Convertible/Sedan,,,,0,,0,0,2022-04-19 01:36:48,2025-11-10 03:03:20.220514,False,1,False,,,
23370,80aa01d8-174b-4364-b36d-e70e9fbd8437,457,Coupe/Hatchback,,,,0,,0,0,2022-04-19 01:36:48,2025-11-10 03:03:20.223961,False,1,False,,,
23371,ce5c3326-ef32-4452-a37c-cecaab2591b0,457,Coupe/Convertible/Sedan/wagon,,,,0,,0,0,2022-04-19 01:36:48,2025-11-10 03:03:20.227479,False,1,False,,,
23372,3133661b-db94-4ff6-a7cb-85ccdf849953,457,Sedan/Wagon,,,,0,,0,0,2022-04-19 01:36:48,2025-11-10 03:03:20.230941,False,1,False,,,
23373,1091dbfd-244e-4fca-9eba-b57ade360d80,457,Minivan,,,,0,,0,0,2022-04-19 01:36:48,2025-11-10 03:03:20.234538,False,1,False,,,
23374,4cb0f470-14e5-41d7-bcc8-a26f30cfcba3,457,Cargo Van/Passenger van,,,,0,,0,0,2022-04-19 01:36:48,2025-11-10 03:03:20.239174,False,1,False,,,
23375,0c5c8a85-1e46-4cf5-af3c-1c177b1801e9,457,Pickup Truck,,,,0,,0,0,2022-04-19 01:36:48,2025-11-10 03:03:20.242605,False,1,False,,,
23376,9a8e9d88-c717-4a87-b99c-c96c0daab897,457,Hatchback/Sedan,,,,0,,0,0,2022-04-19 01:36:48,2025-11-10 03:03:20.246537,False,1,False,,,
23377,a548b028-1f20-4ef8-9342-f7a015267c72,457,Coupe/Passenger Van,,,,0,,0,0,2022-04-19 01:36:48,2025-11-10 03:03:20.250459,False,1,False,,,
23378,7aee6ea0-4144-4021-860e-d7a7798fb12d,457,Van,,,,0,,0,0,2022-04-19 01:36:48,2025-11-10 03:03:20.254534,False,1,False,,,
23379,bd5a61ee-b8a3-480c-b9ba-ff9e0d4aec93,457,Cargo Van,,,,0,,0,0,2022-04-19 01:36:48,2025-11-10 03:03:20.258732,False,1,False,,,
23380,9724de33-8687-4b55-afa4-d799f0447c70,457,Passenger Truck,,,,0,,0,0,2022-04-19 01:36:48,2025-11-10 03:03:20.262488,False,1,False,,,
23381,6cf77a93-b23b-4700-b80d-0723c517bed8,457,Passenger Van,,,,0,,0,0,2022-04-19 01:36:48,2025-11-10 03:03:20.265789,False,1,False,,,
23382,00c4a315-4486-4127-8335-9c44252dc867,457,Coupe/Wagon,,,,0,,0,0,2022-04-19 01:36:48,2025-11-10 03:03:20.269594,False,1,False,,,
23383,afa74980-8da4-453d-8000-a4b5c863eb3e,457,Pickup Truck/Crew Cab,,,,0,,0,0,2022-04-19 01:36:48,2025-11-10 03:03:20.274167,False,1,False,,,
23384,c4d820ce-3caf-48c8-b619-64e5bcb253ba,457,Sedan/Hatchback,,,,0,,0,0,2022-04-19 01:36:48,2025-11-10 03:03:20.278836,False,1,False,,,
23385,72b3a6f5-4e32-497e-9abf-46a9174c31ea,457,Coupe/Sedan/Convertible,,,,0,,0,0,2022-04-19 01:36:48,2025-11-10 03:03:20.283316,False,1,False,,,
23386,25ca1622-3fb1-4a23-9a31-ebf1dc890469,457,Coupe/Sedan/Wagon,,,,0,,0,0,2022-04-19 01:36:48,2025-11-10 03:03:20.287888,False,1,False,,,
23387,0862a999-c200-4f10-ad2d-82a90944d94b,457,MPV,,,,0,,0,0,2022-04-19 01:36:48,2025-11-10 03:03:20.292408,False,1,False,,,
23388,f4303d4b-c2c0-4ca0-b6f0-9b8ae53149f7,457,Sedan/Convertible,,,,0,,0,0,2022-04-19 01:36:48,2025-11-10 03:03:20.296932,False,1,False,,,
23389,7fcee586-3c04-4d9d-b07f-a83b3a7153fb,457,Roadster,,,,0,,0,0,2022-04-19 01:36:48,2025-11-10 03:03:20.301683,False,1,False,,,
23390,37da99bf-c2ac-408d-9f29-d5ec4401f8b7,457,Coupe/Hatchback/Sedan,,,,0,,0,0,2022-04-19 01:36:48,2025-11-10 03:03:20.306433,False,1,False,,,
23391,d9e34083-af1b-4f7f-8d6f-6ba9485d7b7b,457,Cargo Van/Wagon,,,,0,,0,0,2022-04-19 01:36:48,2025-11-10 03:03:20.310803,False,1,False,,,
23392,23a34563-800e-4f13-9813-e1608bf88c3a,457,Cargo Van/SUV,,,,0,,0,0,2022-04-19 01:36:48,2025-11-10 03:03:20.315051,False,1,False,,,
23393,db336843-7985-4b4b-bbdb-b0f9d8899d2d,457,Sedan/Convertible/Wagon,,,,0,,0,0,2022-04-19 04:46:32,2025-11-10 03:03:20.319824,False,1,False,,,
23394,54c361d3-5ba4-47f9-9cac-cbc919fc0c57,457,Chassis,,,,0,,0,0,2024-10-29 23:05:53,2025-11-10 03:03:20.323956,False,1,False,,,
23395,ccfe4cbd-a032-47ae-8709-eed74d865e90,457,Pickup,,,,0,,0,0,2024-10-29 23:05:56,2025-11-10 03:03:20.328578,False,1,False,,,
23396,952e35be-53b0-403f-bf77-d90cdd3d5e69,457,Adventure Touring,,,,0,,0,0,2024-10-29 23:06:03,2025-11-10 03:03:20.332791,False,1,False,,,
23397,ddd455ea-89e1-4730-8771-57fe7d012be8,457,Sport-Touring,,,,0,,0,0,2024-10-29 23:06:06,2025-11-10 03:03:20.336748,False,1,False,,,
23398,aaa7ee04-dea1-4760-925a-80a21267da88,457,Conventional,,,,0,,0,0,2024-10-29 23:06:10,2025-11-10 03:03:20.340933,False,1,False,,,
23399,ad77526d-927c-41d8-8171-56cc3efde33c,457,Utility,,,,0,,0,0,2024-10-29 23:06:13,2025-11-10 03:03:20.345373,False,1,False,,,
23400,b4f1afc6-ae53-4a03-a4aa-81329f885390,457,School,,,,0,,0,0,2024-10-29 23:06:17,2025-11-10 03:03:20.349546,False,1,False,,,
23401,caf54493-e9bf-4bf6-a700-e08eb7828790,457,Sport,,,,0,,0,0,2024-10-29 23:06:20,2025-11-10 03:03:20.353523,False,1,False,,,
23402,ac775c08-a151-4c3a-aae0-7c1cb940a96b,457,Scooter,,,,0,,0,0,2024-10-29 23:06:24,2025-11-10 03:03:20.357509,False,1,False,,,
23403,1c7fe233-cbce-4f43-b402-7c41fa8170e5,457,Cruiser,,,,0,,0,0,2024-10-29 23:06:28,2025-11-10 03:03:20.361485,False,1,False,,,
23404,2857ca38-4386-44bc-bb87-8f568020572c,457,Reverse-Trike,,,,0,,0,0,2024-10-30 16:31:51,2025-11-10 03:03:20.365294,False,1,False,,,
23405,c8ea4165-62c7-4c5d-88bf-c34bf7e69a96,457,Standard,,,,0,,0,0,2024-10-30 16:41:03,2025-11-10 03:03:20.369464,False,1,False,,,
23406,9bddaafd-7bed-4a74-8c74-d4783970499a,457,Touring,,,,0,,0,0,2024-10-30 20:00:24,2025-11-10 03:03:20.373229,False,1,False,,,
23407,75ab22f6-9643-42d8-a0c8-a241c43b76d0,457,Dual-Sport,,,,0,,0,0,2024-11-01 01:46:25,2025-11-10 03:03:20.377378,False,1,False,,,
23408,1a8ed3e4-8261-4dc0-9e27-d7ff2a885b7e,457,Off-Road,,,,0,,0,0,2024-11-05 15:21:46,2025-11-10 03:03:20.381607,False,1,False,,,
23409,ad361e6a-7299-4962-8965-8ddd0a300309,457,Commercial,,,,0,,0,0,2024-11-07 19:24:16,2025-11-10 03:03:20.385455,False,1,False,,,
23410,66d2c8e7-76e2-4826-9691-4d43b8a58c10,457,Sport-Utility,,,,0,,0,0,2024-11-20 21:48:26,2025-11-10 03:03:20.389216,False,1,False,,,
23411,f70b54e2-be13-49a6-b48b-2a91a1a1c2d9,457,Youth,,,,0,,0,0,2025-01-03 22:02:42,2025-11-10 03:03:20.393453,False,1,False,,,
23412,9d1cd646-8a8d-463c-9178-2e8f577a15f3,458,Proceed Distribution Notes,,Proceed_Distribution_Notes,,0,1,0,0,2024-11-25 22:56:33,2025-11-10 03:03:20.399081,False,1,False,,,
23413,8b325d7c-524c-4324-adbe-6d80335a60a9,458,Donation Notes,,Donation_Notes,,0,1,0,0,2024-11-25 22:56:33,2025-11-10 03:03:20.403572,False,1,False,,,
23414,23ac2306-678d-4693-b265-41db081f82ae,458,Vendor Notes,,Vendor_Notes,,0,1,0,0,2024-11-25 22:56:33,2025-11-10 03:03:20.419323,False,1,False,,,
23415,081c31d8-11da-441a-89bd-8af2510edc92,458,Vehicle Notes,,Vehicle_Notes,,0,1,0,0,2024-11-25 22:56:33,2025-11-10 03:03:20.423981,False,1,False,,,
23416,fe06cc76-fd31-4779-9ba8-6e09344e870b,458,Rush Pickup Notes,,Rush_Pickup_Notes,,0,1,0,0,2024-11-25 22:56:33,2025-11-10 03:03:20.428235,False,1,False,,,
23417,db5e194d-6331-47e0-85ad-fb8febb8e325,458,Pickup Notes,,Pickup_Notes,,0,1,0,0,2024-11-25 22:56:33,2025-11-10 03:03:20.432533,False,1,False,,,
23418,32ae93a5-73ed-4255-9369-2db8f3fdd494,458,Name on Title Mismatch Notes,,Name_On_Title_Mismatch_Notes,,0,1,0,0,2024-11-25 22:56:33,2025-11-10 03:03:20.436413,False,1,False,,,
23419,1f49c47d-5c2c-43e5-9454-14f6f93eef58,291,Call Back,,CALLBACK_ACTIVITY,,0,0,0,0,2022-07-21 22:54:38.191405,,True,1,False,,,
23420,2875abf0-f07e-4232-995c-ca0d684ce2ef,296,In Progress,,,,,0,0,0,2025-04-22 23:03:54.27817,2025-04-22 23:03:54.27817,False,1,False,,,
23421,4f5369cd-a786-4fad-8b31-6ddf93d4b9c4,296,Completed,,,,,0,0,0,2025-04-22 23:03:54.27817,2025-04-22 23:03:54.27817,False,1,False,,,
23422,cbb78bc3-916f-49f1-8f26-9ccecfd55d50,296,Incomplete,,,,,0,0,0,2025-04-22 23:03:54.27817,2025-04-22 23:03:54.27817,False,1,False,,,
23423,0f83c01b-83f6-4b9e-9505-246c8c3f03e7,291,PickUp Updates,PickUp Updates,PICKUP_UPDATES,,0,0,0,0,2025-05-06 01:24:19.336436,2025-05-06 01:24:19.336436,True,1,False,,,
23424,9eb04ec0-973c-4032-a912-bcb4f00d9abc,291,Contracts Added,Contracts Added,CONTRACT_ADDED,,0,0,0,0,2025-05-06 01:24:19.336436,2025-05-06 01:24:19.336436,True,1,False,,,
23425,86c0b669-51a3-4262-a34f-012896b582a7,291,Contracts Updates,Contracts Updates,CONTRACT_UPDATES,,0,0,0,0,2025-05-06 01:24:19.336436,2025-05-06 01:24:19.336436,True,1,False,,,
23426,8004dc4d-3b40-4542-8ba1-fb6b4625f14c,291,Contracts Deleted,Contracts Deleted,CONTRACT_DELETED,,0,0,0,0,2025-05-06 01:24:19.336436,2025-05-06 01:24:19.336436,True,1,False,,,
23427,69d10322-c918-4309-9ea7-78b7d555377c,396,$ Flat to Vendor,,,,,0,0,0,2025-05-07 03:25:12.658618,2025-05-07 03:25:12.658618,False,1,False,,,
23428,2abbc8e0-e4ae-4ab5-9ab4-259cd521f503,396,% of Sale to Vendor,,,,,0,0,0,2025-05-07 03:25:59.612412,2025-05-07 03:25:59.612412,False,1,False,,,
23429,5d3d1d55-984a-4914-99a9-6d0a1e871099,459,Inbound,,INBOUND,,,0,0,0,2025-05-16 00:01:21.696029,2025-05-16 00:01:21.696029,False,1,False,,,
23430,7ce2d9a1-40bd-47b8-b612-45b27e43238b,459,Outbound,,OUTBOUND,,,0,0,0,2025-05-16 00:01:21.696029,2025-05-16 00:01:21.696029,False,1,False,,,
23431,dd8c79bb-6831-49e6-a07c-b0c885059493,459,Inbound and Outbound,,INBOUND_OUTBOUND,,,0,0,0,2025-05-16 00:01:21.696029,2025-05-16 00:01:21.696029,False,1,False,,,
23432,afd55a54-8354-4856-bdcc-0f574dd14223,426,Test,,,,,0,0,0,2025-05-22 03:32:19.832431,2025-05-22 03:32:19.832431,False,1,False,,,
23433,615383f7-0d9e-486f-8f25-f2b48d472928,294,Execute,,,,0,0,0,0,2025-06-03 03:07:26.216715,2025-06-03 03:07:26.216715,False,1,False,,,
23434,fb333a1f-39c1-42a8-b5c3-41f377fdacc5,294,Specify,,,,0,0,0,0,2025-06-03 03:07:26.216715,2025-06-03 03:07:26.216715,False,1,False,,,
23435,5d8640bf-b03e-4c7e-9cf3-188c40f7bcbb,294,Engage,,,,0,0,0,0,2025-06-03 03:07:26.216715,2025-06-03 03:07:26.216715,False,1,False,,,
23436,8301c55f-3873-491b-9d1f-b3e069008f83,294,Explore,,,,0,0,0,0,2025-06-03 03:07:26.216715,2025-06-03 03:07:26.216715,False,1,False,,,
23437,92393ac9-e708-437b-b28f-52213645b428,294,Evaluate,,,,0,0,0,0,2025-06-03 03:07:26.216715,2025-06-03 03:07:26.216715,False,1,False,,,
23438,2c74d72e-8bee-4e4c-aac2-2af048b3be8a,296,new,,,,,0,0,0,2025-06-03 03:07:26.216715,2025-06-03 03:07:26.216715,False,1,False,,,
23439,03232782-8921-4b2f-8a1a-dde1e7c07421,302,Mexico,,,,,0,0,0,2025-06-03 06:08:10.110497,2025-06-03 06:08:10.110497,True,0,False,,,
23440,2efe2761-68ca-49f6-806c-4e9384bb8427,460,Contact Created,contact_created,contact_created,,0,0,0,0,2025-06-04 05:23:44.534106,2025-06-04 05:23:44.534106,False,1,False,,,
23441,cf1e46f2-5690-428c-a391-89c61d3ea1d6,460,Contact deleted,contact_deleted,contact_deleted,,0,0,0,0,2025-06-04 05:23:44.534106,2025-06-04 05:23:44.534106,False,1,False,,,
23442,316fa1f0-817f-4e5b-b609-7063ac93e729,460,Automation Cadence Trigger,automation_cadence_trigger,automation_cadence_trigger,,0,0,0,0,2025-06-04 05:24:38.044462,2025-06-04 05:24:38.044462,True,1,False,,,
23443,a06eaf51-2158-4d36-a91b-dd1bb0e4eefe,291,Update Cadence,UPDATE_CADENCE,UPDATE_CADENCE,,0,0,0,0,2025-06-04 06:05:42.613567,2025-06-04 06:05:42.613567,False,1,False,,,
23444,32c73e1e-95cf-48c1-adda-2810cecbe5b4,291,Create Cadence,CREATE_CADENCE,CREATE_CADENCE,,0,0,0,0,2025-06-04 06:05:42.613567,2025-06-04 06:05:42.613567,False,1,False,,,
23445,27179930-1631-4b8d-917b-aee16f80a082,291,Delete Cadence,DELETE_CADENCE,DELETE_CADENCE,,0,0,0,0,2025-06-04 06:05:42.613567,2025-06-04 06:05:42.613567,False,1,False,,,
23446,cf4f4b63-7188-47a3-9b16-9c3331a03b6b,291,Create Cadence Followup,CREATE_CADENCE_FOLLOWUP,CREATE_CADENCE_FOLLOWUP,,0,0,0,0,2025-06-04 06:05:42.613567,2025-06-04 06:05:42.613567,False,1,False,,,
23447,78dc4290-704f-4dd5-a46c-d7d584d42a05,291,Update Cadence Followup,UPDATE_CADENCE_FOLLOWUP,UPDATE_CADENCE_FOLLOWUP,,0,0,0,0,2025-06-04 06:05:42.613567,2025-06-04 06:05:42.613567,False,1,False,,,
23448,34692e92-c4a5-4e56-a0b4-fce06bc2fb0e,291,Delete Cadence Followup,DELETE_CADENCE_FOLLOWUP,DELETE_CADENCE_FOLLOWUP,,0,0,0,0,2025-06-04 06:05:42.613567,2025-06-04 06:05:42.613567,False,1,False,,,
23449,32cf4a52-2ca0-4e1b-a50f-1d26b9d28fda,291,Create Cadence Followup Attachment,CREATE_CADENCE_FOLLOWUP_ATTACHMENT,CREATE_CADENCE_FOLLOWUP_ATTACHMENT,,0,0,0,0,2025-06-04 06:05:42.613567,2025-06-04 06:05:42.613567,False,1,False,,,
23450,af620eae-d223-47ab-816e-3de647d6e901,291,Update Cadence Followup Attachment,UPDATE_CADENCE_FOLLOWUP_ATTACHMENT,UPDATE_CADENCE_FOLLOWUP_ATTACHMENT,,0,0,0,0,2025-06-04 06:05:42.613567,2025-06-04 06:05:42.613567,False,1,False,,,
23451,b58490b5-3220-4c37-97cd-b123d0e3b946,291,Delete Cadence Followup Attachment,DELETE_CADENCE_FOLLOWUP_ATTACHMENT,DELETE_CADENCE_FOLLOWUP_ATTACHMENT,,0,0,0,0,2025-06-04 06:05:42.613567,2025-06-04 06:05:42.613567,False,1,False,,,
23452,ad08d0af-7535-48fa-bbc9-10cff99daf4c,291,Object Owner Added,crmsales,OBJECT_OWNER_ADDED,,0,1,0,0,2025-06-12 07:55:55.463128,,True,1,False,,,False
23453,798975b7-2145-44d1-8ee3-804f37206765,291,Object Owner Removed,crmsales,OBJECT_OWNER_REMOVED,,0,1,0,0,2025-06-12 07:55:22.178619,,True,1,False,,,False
23454,99d307f2-2c59-4096-a656-71d8f901deb6,291,Object Contact Added,crmsales,OBJECT_CONTACT_ADDED,,0,1,0,0,2025-06-12 07:50:31.998434,,True,1,False,,,False
23455,e09cf0bf-0258-437a-9bd6-99dd4288bd3d,291,Contact Object Added,crmsales,CONTACT_OBJECT_ADDED,,0,1,0,0,2025-06-12 07:49:40.946313,,True,1,False,,,False
23456,a2a7d47c-bd07-4bf4-91f3-8358c41cc342,291,Object Contact Removed,crmsales,OBJECT_CONTACT_REMOVED,,0,1,0,0,2025-06-12 07:48:39.753025,,True,1,False,,,False
23457,245f3136-9b4d-4f2c-b975-9d3acae2ee55,291,Contact Object Removed,crmsales,CONTACT_OBJECT_REMOVED,,0,1,0,0,2025-06-12 20:17:55,,True,1,False,,,False
23458,f48f398b-917e-4026-9bbf-e18358e31c53,291,Object Updated,OBJECT_UPDATED,OBJECT_UPDATED,,,0,0,0,,,False,1,False,,,False
23459,5ea56205-1ab3-4a07-8d0d-3750ffe09059,401,Incomplete,,DONATION_INCOMPLETE,,0,1,0,0,2025-04-17 18:16:15.550434,2025-04-17 18:16:15.550434,False,1,False,,,
23460,14fe655e-5f76-47d1-a1ee-57caadbfb27a,401,In Progress,,DONATION_IN_PROGRESS,,0,1,0,0,2025-04-17 18:16:15.530409,2025-04-17 18:16:15.530409,False,1,False,,,
23461,7b58b5b6-bdd0-4d52-8edb-1a066479680e,401,Completed,,DONATION_COMPLETE,,0,1,0,0,2025-04-17 18:16:15.511228,2025-04-17 18:16:15.511228,False,1,False,,,
23462,9c9291cd-3373-4f9d-8f29-99b5faffd125,,Cancelled,,DONATION_CANCELLED,,0,1,0,0,2025-04-17 18:16:15.490539,2025-04-17 18:16:15.490539,False,1,False,,,
23463,0e6bb1a6-dfb2-4397-b2c7-d5777fbbce9d,,Needs Review,,DONATION_NEEDS_REVIEW,,0,1,0,0,2025-04-17 18:16:15.490539,2025-04-17 18:16:15.490539,False,1,False,,,
23464,0a7efe78-2172-4c22-aca4-52b90b8db6ec,461,Evaluating,,VEHICLE_EVALUATING,,0,1,0,0,2025-04-17 18:16:15.832199,2025-04-17 18:16:15.832199,False,1,False,,,
23465,18be9139-421b-423a-8512-5b93557fef46,461,Bid Request,,BID_REQUEST,,1,1,0,0,2025-04-17 18:16:15.832199,2025-04-17 18:16:15.832199,False,1,False,,,
23466,1b681cb4-b89b-4b27-a2ec-62355f5ffacd,461,Repair Requested,,VEHICLE_REPAIR_REQUESTED,,4,1,0,0,2025-04-17 18:16:15.943956,2025-04-17 18:16:15.943956,False,1,False,,,
23467,30828269-fc85-4a06-b152-04bc9262590d,461,Cancelled,,VEHICLE_CANCELLED,,9,1,0,0,2025-04-17 18:16:15.850459,2025-04-17 18:16:15.850459,False,1,False,,,
23468,4d2c6b5d-6d75-4924-8bbe-e8b65155e4f8,461,Declined,,VEHICLE_DECLINED,,0,1,0,0,2025-04-17 18:16:15.832199,2025-04-17 18:16:15.832199,False,1,False,,,
23469,50a04b73-aa87-4fef-9fd6-9446a57ea2c6,461,Collections,,VEHICLE_COLLECTIONS,,14,1,0,0,2025-04-17 18:16:15.832199,2025-04-17 18:16:15.832199,False,1,False,,,
23470,60779e5e-5e42-43f6-a1b2-c1f73dc3a609,461,Pickup Hold,,VEHICLE_PICKUP_HOLD,,13,1,0,0,2025-04-17 18:16:15.832199,2025-04-17 18:16:15.832199,False,1,False,,,
23471,60dfc851-b41d-4e6e-b9a9-887dcd6700e0,461,Contract Call Center,,VEHICLE_CONTRACT_CALL_CENTER,,14,1,0,0,2025-04-17 18:16:15.832199,2025-04-17 18:16:15.832199,False,1,False,,,
23472,61c58490-322c-40b0-a402-688aaf32a792,461,Out for Bid,,OUT_FOR_BID,,11,1,0,0,2025-04-17 18:16:15.832199,2025-04-17 18:16:15.832199,False,1,False,,,
23473,6e107c69-d24b-4a06-b460-a6471d333b9a,461,Title Issues,,TITLE_ISSUES,,12,1,0,0,2025-04-17 18:16:15.832199,2025-04-17 18:16:15.832199,False,1,False,,,
23474,f959814c-8012-4dd0-bccb-5a248daab1d4,461,Payment Received,,VEHICLE_ACCOUNT_PAYMENT_RECEIVED,,1,1,0,0,2025-04-17 18:16:16.335824,2025-04-17 18:16:16.335824,False,1,False,,,
23475,6fc684eb-5f63-452b-b905-6e32db7b92f5,461,Sold - Awaiting Check,,VEHICLE_ACCOUNT_AWAITING_CHECK,,7,1,0,0,2025-04-17 18:16:15.832199,2025-04-17 18:16:15.832199,False,1,False,,,
23493,58463eaf-0bb2-4604-863d-af47e285b824,395,Public Radio,,,,0,1,0,0,2020-05-05 14:15:45.532,2020-05-05 14:15:45.532,False,1,False,,,False
23494,bdd5809e-6184-4ab3-99b1-296a79c48198,395,Public TV,,,,0,1,0,0,2020-05-05 14:15:45.532,2020-05-05 14:15:45.532,False,1,False,,,False
23500,734b907a-9888-4751-b9f1-e018036c4f0f,395,International,,,,0,1,0,0,2020-05-05 14:15:45.532,2020-05-05 14:15:45.532,False,1,False,,,False
23511,e157ba62-0a20-45d5-8800-5a57cbe341f8,395,Environment and Animals,,,,0,1,0,0,2020-05-05 14:15:45.532,2020-05-05 14:15:45.532,False,1,False,,,False
23526,a971638b-995a-4d45-8b2f-5d5c56eef6b4,291,hello activity,,,13696,,0,1,0,2025-07-09 05:50:38.282353,2025-07-09 05:50:38.282353,False,1,False,,,
23528,0bc25caf-13da-4ee3-bc03-9ea0de49ce37,294,stage1,,,,1,0,0,0,2025-07-14 04:39:28.439268,2025-07-14 04:42:16.990047,False,1,False,,,
23529,61012750-0802-44ab-a94b-651b7df38650,296,status,,,,,0,0,0,2025-07-14 04:39:28.439268,2025-07-14 04:39:28.439268,False,1,False,,,
23530,a0bffb75-04df-482c-bfa7-796332eb44dd,291,Donation Added,ADD_DONATION,DONATION_ADDED,,0,0,1,0,2025-07-18 06:06:50.738098,2025-07-18 06:06:50.738098,False,1,False,,,
23531,d097c912-04db-4cb8-831e-56cf8f4d8c44,291,Donation Submitted,SUBMIT_DONATION,DONATION_SUBMITTED,,0,0,1,0,2025-07-18 06:06:50.738098,2025-07-18 06:06:50.738098,False,1,False,,,
23532,ab2b527a-0d55-4984-85eb-ea9bdd4c1663,291,Vehicle Added,ADD_VEHICLE,VEHICLE_ADDED,,0,0,1,0,2025-07-18 06:06:50.738098,2025-07-18 06:06:50.738098,False,1,False,,,
23535,29d6975d-4966-4707-92a2-4c97cb76204b,291,Donation Updated,UPDATE_DONATION,DONATION_UPDATED,,0,0,1,0,2025-07-18 06:06:50.738098,2025-07-18 06:06:50.738098,False,1,False,,,
23542,052ba4e1-6609-485f-8e94-e05f626e6a3a,291,Donation Note Added,DONATION_NOTE_ADDED,DONATION_NOTE_ADDED,,0,0,1,0,2025-07-18 06:07:30.353437,2025-07-18 06:07:30.353437,False,1,False,,,
23543,160d6ef0-94ea-4f33-8c89-2960a19a9fab,291,Vehicle Note Added,VEHICLE_NOTE_ADDED,VEHICLE_NOTE_ADDED,,0,0,1,0,2025-07-18 06:07:30.353437,2025-07-18 06:07:30.353437,False,1,False,,,
23997,9542bc6d-19fd-4099-acc0-cd663ec50153,291,Document Activity,DOCUMENT_ACTIVITY,DOCUMENT_ADDED,,0,0,0,0,2025-03-12 00:25:54.97062,,True,1,False,,,
24001,c59f5ef6-1032-4bf7-9a50-ea8b94e1b1f4,461,Incomplete,,VEHICLE_INCOMPLETED,,10,1,0,0,2025-04-17 18:16:15.832199,2025-04-17 18:16:15.832199,False,1,False,,,
24003,e1782359-5eab-4c12-a4e7-6d71cf2542ec,461,Completed,,VEHICLE_COMPLETED,,15,1,0,0,2025-08-07 00:56:09.188801,,False,1,False,,,
24004,e84aa8da-bf01-420c-b2be-a05381d89138,461,Awaiting Sale,,VEHICLE_AWAITING_SALE,,16,0,0,0,2025-08-07 10:49:32.786399,2025-08-07 10:49:32.786399,False,1,False,,,
24005,75bbadb4-6df0-413a-b264-8dc33729d961,461,Awaiting Pickup,,VEHICLE_AWAITING_PICKUP,,17,0,0,0,2025-08-07 10:50:17.365583,2025-08-07 10:50:17.365583,False,1,False,,,
24006,f346a8c1-e0b4-446c-a77c-1618a318acbf,463,Missing Information on Your Vehicle Donation Form,,MISSINGINFO,,,0,0,0,2025-08-07 11:08:01.828293,2025-08-07 11:08:01.828293,False,1,False,,,
24007,c1f9a0f7-c5be-4dfd-a0f3-1c0db4cbdd62,294,Evaluate,,,,0,0,0,0,2025-08-12 03:55:01.002071,2025-08-12 03:55:01.002071,False,1,False,,,
24008,07d65ce4-2d12-462b-aa60-306d93d9a3c0,294,Engage,,,,0,0,0,0,2025-08-12 03:55:01.002071,2025-08-12 03:55:01.002071,False,1,False,,,
24009,0c21091d-8f15-43ad-9178-6628dcb08a5d,294,Execute,,,,0,0,0,0,2025-08-12 03:55:01.002071,2025-08-12 03:55:01.002071,False,1,False,,,
24010,99b14fed-4205-455b-b0e7-e0b720739104,294,Explore,,,,0,0,0,0,2025-08-12 03:55:01.002071,2025-08-12 03:55:01.002071,False,1,False,,,
24011,33c9a9a9-d8b9-4015-9304-91eb578beff5,294,Specify,,,,0,0,0,0,2025-08-12 03:55:01.002071,2025-08-12 03:55:01.002071,False,1,False,,,
24012,781bfc3f-37c6-4c3d-b0e4-fa63623fecbf,294,Evaluate,,,,0,0,0,0,2025-08-12 03:55:01.002071,2025-08-12 03:55:01.002071,False,1,False,,,
24013,039867df-a2c6-46a4-8cf2-25aa04972a0f,294,Execute,,,,0,0,0,0,2025-08-12 03:55:01.002071,2025-08-12 03:55:01.002071,False,1,False,,,
24014,e5b790cd-8b54-4dc9-bdf9-1a5bdc1260ff,294,Specify,,,,0,0,0,0,2025-08-12 03:55:01.002071,2025-08-12 03:55:01.002071,False,1,False,,,
24015,273e7463-7c48-4487-b044-8f026c1cb8f4,294,Engage,,,,0,0,0,0,2025-08-12 03:55:01.002071,2025-08-12 03:55:01.002071,False,1,False,,,
24016,c36cc70f-3be3-47a5-87b5-7390a01afece,294,Explore,,,,0,0,0,0,2025-08-12 03:55:01.002071,2025-08-12 03:55:01.002071,False,1,False,,,
24017,04a2721a-1a32-4b25-b857-631f4fb48375,294,stage1,,,,1,0,0,0,2025-08-12 03:55:01.002071,2025-08-12 03:55:01.002071,False,1,False,,,
24018,96d7f11d-7c72-4577-8ec2-c83723946973,296,In Progress,,,,,0,0,0,2025-08-12 03:55:01.002071,2025-08-12 03:55:01.002071,False,1,False,,,
24019,6f74d58c-3183-4f8f-8aa6-bfeb3e99e3e7,296,Completed,,,,,0,0,0,2025-08-12 03:55:01.002071,2025-08-12 03:55:01.002071,False,1,False,,,
24020,7e7ef312-9db6-48f8-a9a1-d2dd64ff3c54,296,Incomplete,,,,,0,0,0,2025-08-12 03:55:01.002071,2025-08-12 03:55:01.002071,False,1,False,,,
24021,e1b4d451-cbd5-48d3-aa15-063f10593302,296,new,,,,,0,0,0,2025-08-12 03:55:01.002071,2025-08-12 03:55:01.002071,False,1,False,,,
24022,3b3f56a1-226a-4cf3-b89b-ec30ff077576,296,status,,,,,0,0,0,2025-08-12 03:55:01.002071,2025-08-12 03:55:01.002071,False,1,False,,,
24024,f9f16e37-c0e6-40e3-bd90-4432d1d79628,461,Awaiting Assignment,,VEHICLE_AWAITING_ASSIGNMENT,,18,0,0,0,2025-08-19 07:42:49.616264,2025-08-19 07:42:49.616264,False,1,False,,,
24025,83806c34-1cae-4859-9f7a-c9a14c2f2ff1,461,Awaiting Repairs,,VEHICLE_AWAITING_REPAIRS,,19,0,0,0,2025-08-19 07:42:49.616264,2025-08-19 07:42:49.616264,False,1,False,,,
24026,1d1687cb-af37-47af-8fe2-e214190595d4,461,Thank you & 1098c,,VEHICLE_THANK_YOU_1098C,,20,0,0,0,2025-08-19 07:42:49.616264,2025-08-19 07:42:49.616264,False,1,False,,,
24027,6d8a992b-3989-4ced-8623-6be981a5a4e0,452,SUV,,,,,0,0,0,2025-08-20 09:07:37.101291,2025-08-20 09:07:37.101291,False,1,False,,,
24028,475c39b1-950e-4bf1-8640-d9496fa42951,452,Coupe,,,,,0,0,0,2025-08-20 09:11:12.90796,2025-08-20 09:11:12.90796,False,1,False,,,
24029,eedf1fd7-c40f-4f31-b56f-4df071a8c1b4,452,Sedan,,,,,0,0,0,2025-08-20 09:16:06.250374,2025-08-20 09:16:06.250374,False,1,False,,,
24030,10a78db3-007d-4913-947b-2cd6364d46da,452,Cruiser,,,,,0,0,0,2025-08-20 13:00:01.181709,2025-08-20 13:00:01.181709,False,1,False,,,
24031,f98b0b24-7489-47ce-812e-b2a2d893bf2d,452,Scooter,,,,,0,0,0,2025-08-20 14:17:53.478507,2025-08-20 14:17:53.478507,False,1,False,,,
24032,d812ab68-8291-490b-85da-d63ed0e75b6b,452,Full-Size,,,,,0,0,0,2025-08-21 07:31:01.986743,2025-08-21 07:31:01.986743,False,1,False,,,
24033,41e13ae1-4dea-4d46-a327-8464e0af636c,452,Pickup,,,,,0,0,0,2025-08-21 13:44:18.516598,2025-08-21 13:44:18.516598,False,1,False,,,
24034,fa415bea-bbe8-4279-8d2d-9a1b3245e58b,463,Request for photos of your vehicle donation,,REQUESTPHOTOS,,,0,0,0,2025-08-21 23:29:38.027751,2025-08-21 23:29:38.027751,False,1,False,,,
24035,d4f588ba-6d3f-4ca9-b425-a4d9c9b193cf,463,Vendor Unable to Reach You - Vehicle Pick-up,,VENDORUNABLETOREACH,,,0,0,0,2025-08-21 23:29:38.027751,2025-08-21 23:29:38.027751,False,1,False,,,
24036,85bbc49b-acee-452a-ae8e-5ffb76a03fde,463,Vehicle Donation Cancellation,,CANCELLATION,,,0,0,0,2025-08-21 23:29:38.027751,2025-08-21 23:29:38.027751,False,1,False,,,
24037,285e0bb6-b50a-446e-bad0-be393dd4f44d,463,Vehicle Not Accessible,,VEHICLENOTACCESSIBLE,,,0,0,0,2025-08-21 23:29:38.027751,2025-08-21 23:29:38.027751,False,1,False,,,
24045,b3dbe430-bca9-4e97-bcf4-fafa0244e13d,452,Convertible,,,,,0,0,0,2025-08-22 12:20:50.602789,2025-08-22 12:20:50.602789,False,1,False,,,
24046,e99eb056-924c-4dd1-b506-79f2334ee2bf,452,Wagon,,,,,0,0,0,2025-08-22 13:27:05.538472,2025-08-22 13:27:05.538472,False,1,False,,,
24047,d461b3d3-0809-4a8e-b1fd-15551155ad1c,452,Chassis,,,,,0,0,0,2025-08-22 15:55:30.756401,2025-08-22 15:55:30.756401,False,1,False,,,
24048,26497f0d-c688-4193-8bb0-dc9d2ca56a55,452,Hatchback,,,,,0,0,0,2025-08-22 15:58:46.735788,2025-08-22 15:58:46.735788,False,1,False,,,
24049,15fdc091-dc63-475b-b3a3-8b13f82debc0,426,UTV,,UTV,,,0,0,0,2025-08-25 10:34:27.966194,2025-08-25 10:34:27.966194,True,1,False,,,
24050,bb7f0f96-fc07-4ef6-8593-ef0c3153d2f4,452,Sport-Utility,,,,,0,0,0,2025-08-25 10:34:28.203265,2025-08-25 10:34:28.203265,False,1,False,,,
24051,0ff6ce8f-7ed6-4ec6-9268-c8a314004fa5,452,Mini-Van,,,,,0,0,0,2025-08-25 13:13:04.161596,2025-08-25 13:13:04.161596,False,1,False,,,
24052,fe1e425b-bdde-4b92-aa51-bacee143b5b0,452,Conventional,,,,,0,0,0,2025-08-26 06:02:32.70265,2025-08-26 06:02:32.70265,False,1,False,,,
24053,941cf0d8-0fa2-4f25-851a-49a075ec253d,452,Sport,,,,,0,0,0,2025-08-26 19:26:29.40794,2025-08-26 19:26:29.40794,False,1,False,,,
24054,a24c6bde-49fb-4b45-af19-f8563544dfdb,461,Awaiting Photos,,VEHICLE_AWAITING_PHOTOS,,,0,0,0,,,False,1,False,,,
24055,1c2283f4-d09e-450a-8ccc-a3e688d29d56,461,Bid Approval,,VEHICLE_BID_APPROVAL,,,0,0,0,,,False,1,False,,,
24056,1e141eee-1c00-404e-92ec-9a2fc65a85dc,461,Accounting Issue,,VEHICLE_ACCOUNTING_ISSUE,,,0,0,0,,,False,1,False,,,
24062,86476b15-dbbb-4329-8bcd-597796923db5,288,0d6c96cb-4cbf-4413-b31c-aee4432c9eb0,,,,,0,0,0,2025-09-01 04:56:52.067542,2025-09-01 04:56:52.067542,True,1,False,,,
24067,86e518cc-fc6d-459e-87cd-b9341bc9a1ae,452,Adventure Touring,,,,,0,0,0,2025-09-06 09:24:41.282551,2025-09-06 09:24:41.282551,False,1,False,,,
24068,8635f5c0-af9a-4485-9ced-77f83dadf6d6,452,Standard,,,,,0,0,0,2025-09-09 11:52:57.270558,2025-09-09 11:52:57.270558,False,1,False,,,
24069,15bdaca3-f84f-46b6-82f8-52cd43dcc3fc,452,Sport-Touring,,,,,0,0,0,2025-09-22 15:30:19.587676,2025-09-22 15:30:19.587676,False,1,False,,,
24070,a1554423-5a66-4d3d-a3a2-43916b786d2c,465,Front view,,front_view,,,0,0,0,2025-09-16 22:28:51.726199,2025-09-16 22:28:51.726199,False,1,False,,,
24071,794690b4-fbd3-4110-a255-3a40f58832f8,465,Rear view,,rear_view,,,0,0,0,2025-09-16 22:28:51.726199,2025-09-16 22:28:51.726199,False,1,False,,,
24072,c7a8dfb0-5334-4ddb-9618-9bffcb3e2f51,452,Commercial,,,,,0,0,0,2025-10-08 15:50:28.775358,2025-10-08 15:50:28.775358,False,1,False,,,
24073,dd6c4368-e9d6-4c13-a222-1e64b0de9aee,452,Touring,,,,,0,0,0,2025-10-18 11:36:02.923699,2025-10-18 11:36:02.923699,False,1,False,,,
24074,a1d1884b-a18e-4356-9ef0-191c172e697e,288,Ff0b341c-151a-426e-9e09-9b2c39bdf4c3,,,,,0,0,0,2025-11-02 01:55:27.426457,2025-11-02 01:55:27.426457,True,1,False,,,
24078,a04d785f-f4f1-46f8-a045-7092f5a009b6,288,Fb58a605-7b8b-435b-9749-041e04be6118,,,,,0,0,0,2025-11-02 01:55:38.686929,2025-11-02 01:55:38.686929,True,1,False,,,
24082,21525d1f-3372-4368-8f68-531bcb4ef6d6,288,63b2e0df-8de0-4302-8434-3c630b9ba4f1,,,,,0,0,0,2025-11-02 01:56:03.424187,2025-11-02 01:56:03.424187,True,1,False,,,
24095,96523e4e-4a3c-42db-8db2-317812354de5,288,B122c680-858f-4eb3-a927-7da9b8a2f860,,,,,0,0,0,2025-11-02 02:02:11.49316,2025-11-02 02:02:11.49316,True,1,False,,,
24096,c4e80067-c8fe-439f-b8b6-ec46bbc39b1a,288,B0baf88e-47dd-473f-b29e-3f07978886a4,,,,,0,0,0,2025-11-02 02:02:12.327875,2025-11-02 02:02:12.327875,True,1,False,,,
24097,c7540310-351e-4fd4-8950-7f22679cc27b,288,5939088a-0bc4-4965-9173-f6dea5548a8d,,,,,0,0,0,2025-11-02 02:02:17.795261,2025-11-02 02:02:17.795261,True,1,False,,,
24098,982ecbf9-9f2e-4905-acff-7e09899f9058,288,651db851-85b0-4d9b-b48b-ffb2a26bdff8,,,,,0,0,0,2025-11-02 02:02:41.747016,2025-11-02 02:02:41.747016,True,1,False,,,
24099,3d91ab8f-e50f-4529-902d-02a5a618e7e7,288,9ad2defd-5ff6-4a6d-a7f4-e825295f22bf,,,,,0,0,0,2025-11-02 02:03:12.806278,2025-11-02 02:03:12.806278,True,1,False,,,
24101,23a0880c-0284-4664-872e-b34dd9e644c8,288,95b68200-b2a0-4b3b-9407-e95679590df1,,,,,0,0,0,2025-11-02 02:03:55.42022,2025-11-02 02:03:55.42022,True,1,False,,,
24102,29973ec8-ae78-4ecf-9b81-54abd262dc38,466,Donor provided SSN/EIN for the first time,,donor_provided_ssn_ein_first_time,,,0,0,0,2025-10-23 05:49:07.416012,2025-10-23 05:49:07.416012,False,1,False,,,
24103,ce89466f-1b3e-4a3e-afaa-34213c948124,466,Incorrect Tax-ID (SSN/EIN) (Corrected 1098C Tag needed),,incorrect_tax_id_corrected_1098c_needed,,,0,0,0,2025-10-23 05:49:07.416012,2025-10-23 05:49:07.416012,False,1,False,,,
24104,80a0ebe7-79da-498b-8881-40d79c2aa837,466,Incorrect charity assignment per donor,,incorrect_charity_assignment_per_donor,,,0,0,0,2025-10-23 05:49:07.416012,2025-10-23 05:49:07.416012,False,1,False,,,
24105,dbe99600-ffaf-4114-9807-085b85905911,466,"Donor Name/Company Name/ Estate/Trust spelled incorrectly, missing or modified",,donor_name_or_trust_spelling_issue,,,0,0,0,2025-10-23 05:49:07.416012,2025-10-23 05:49:07.416012,False,1,False,,,
24106,6543e6d6-337e-47fe-836c-b4a893a8815f,466,Co-owner on Title taking deduction,,co_owner_taking_deduction,,,0,0,0,2025-10-23 05:49:07.416012,2025-10-23 05:49:07.416012,False,1,False,,,
24107,37a8b9cc-3a1a-405a-96b0-f0c6e0627278,466,Titled-owner is deceased – Executor taking deduction,,executor_taking_deduction_deceased_owner,,,0,0,0,2025-10-23 05:49:07.416012,2025-10-23 05:49:07.416012,False,1,False,,,
24108,547c8c26-61b3-450b-9073-4a34e11bbc3a,466,Year/Make/Model/VIN is incorrect per donor,,incorrect_vehicle_info_per_donor,,,0,0,0,2025-10-23 05:49:07.416012,2025-10-23 05:49:07.416012,False,1,False,,,
24109,4eafca66-cca8-4c64-836f-ca40c8a34ad9,466,Year/Make/Model/VIN is incorrect per title or AH sales paperwork,,incorrect_vehicle_info_per_title,,,0,0,0,2025-10-23 05:49:07.416012,2025-10-23 05:49:07.416012,False,1,False,,,
24110,5e0e82d1-3360-4e68-815a-88488e797791,466,Other,,other,,,0,0,0,2025-10-23 05:49:07.416012,2025-10-23 05:49:07.416012,False,1,False,,,
24118,295c56cc-1952-4116-94fc-17cac6af9846,305,In Progress,,,,0,1,0,0,2025-11-10 03:03:17.719795,2025-11-10 03:03:17.719795,False,1,False,,,
24119,a5e5b832-2749-4e67-85ca-a6adb524abe0,395,Nonprofit News,,,,0,1,0,0,2025-11-10 03:03:17.833275,2025-11-10 03:03:17.833275,False,1,False,,,
24120,db0aa1f9-70a7-431e-b97f-c2faf4220058,395,Faith Based Media,,,,0,1,0,0,2025-11-10 03:03:17.839503,2025-11-10 03:03:17.839503,False,1,False,,,
24121,9c9291cd-3373-4f9d-8f29-99b5faffd125,401,Cancelled,,DONATION_CANCELLED,,0,1,0,0,2025-11-10 03:03:17.939992,2025-11-10 03:03:17.939992,False,1,False,,,
24125,5bae8f8e-8e34-4a96-9537-61fee9877320,413,Other,,,,0,1,0,0,2025-11-10 03:03:18.245253,2025-11-10 03:03:18.245253,False,0,False,,,
24126,ce11735f-a69f-4e4f-925c-293cfe599a6c,417,CNCDA Dealership,,CNCDA_DEALERSHIP,,0,1,0,0,2025-11-10 03:03:18.355297,2025-11-10 03:03:18.355297,False,1,False,,,
24127,79ae943d-2c34-4ffd-a924-01432fc5aba7,417,Brightstar SSDF,,BRIGHTSTAR_SSDF,,0,,0,0,2025-11-10 03:03:18.458409,2025-11-10 03:03:18.458409,False,1,False,,,
24128,1631e416-141f-42a5-84ac-6a01b0996d95,446,XML,,REQUEST_TYPE_XML,,0,,0,0,2025-11-10 03:03:19.243436,2025-11-10 03:03:19.243436,False,1,False,,,
24129,902a19c0-67bc-4441-a79b-717bc5361ac8,446,JSON,,REQUEST_TYPE_JSON,,0,,0,0,2025-11-10 03:03:19.250734,2025-11-10 03:03:19.250734,False,1,False,,,
24130,9bd3f2f4-56e9-490f-8ebf-fe21876f734b,446,Url Encoded,,REQUEST_TYPE_URL_ENCODED,,0,,0,0,2025-11-10 03:03:19.257673,2025-11-10 03:03:19.257673,False,1,False,,,
24131,21f49c53-164e-4b73-bd44-4e41c55e5538,446,Multipart Form Data,,REQUEST_TYPE_FORM_DATA,,0,,0,0,2025-11-10 03:03:19.264441,2025-11-10 03:03:19.264441,False,1,False,,,
24132,c84df479-862f-48b5-982a-0ea6cec84fa8,447,XML,,RESPONSE_TYPE_XML,,0,,0,0,2025-11-10 03:03:19.272573,2025-11-10 03:03:19.272573,False,1,False,,,
24133,667b9a28-3acf-4c7f-9666-1ebeeab08cec,447,JSON,,RESPONSE_TYPE_JSON,,0,,0,0,2025-11-10 03:03:19.279766,2025-11-10 03:03:19.279766,False,1,False,,,
24134,d31690f0-e73c-4f48-8e43-26bcab84bbc3,447,TEXT,,RESPONSE_TYPE_TEXT,,0,,0,0,2025-11-10 03:03:19.286419,2025-11-10 03:03:19.286419,False,1,False,,,
24135,3e85afe4-94a1-46ac-bb5e-43906aad7221,448,update trigger,,UPDATE_TRIGGER,,0,,0,0,2025-11-10 03:03:19.294289,2025-11-10 03:03:19.294289,False,1,False,,,
24136,fe18bf64-9b5d-4073-83a2-093a37246039,464,Missing Information on Your Vehicle Donation Form,,MISSINGINFO,,,0,0,0,2025-08-22 02:41:37.354433,2025-08-22 02:41:37.354433,False,1,False,,,
24137,93dc8eda-9ebb-48c9-a1a3-4f609ab9c719,464,Request for photos of your vehicle donation,,REQUESTPHOTOS,,,0,0,0,2025-08-22 02:41:37.354433,2025-08-22 02:41:37.354433,False,1,False,,,
24138,ce466e02-ffa9-419d-8d16-ffb0db643ad2,464,Vendor Unable to Reach You - Vehicle Pick-up,,VENDORUNABLETOREACH,,,0,0,0,2025-08-22 02:41:37.354433,2025-08-22 02:41:37.354433,False,1,False,,,
24139,77d12477-4483-4c9a-9f75-7d6524acd39b,464,Vehicle Donation Cancellation,,CANCELLATION,,,0,0,0,2025-08-22 02:41:37.354433,2025-08-22 02:41:37.354433,False,1,False,,,
24140,790f9c5e-eb4d-457c-a6b1-0c5f16ec61ee,464,Vehicle Not Accessible,,VEHICLENOTACCESSIBLE,,,0,0,0,2025-08-22 02:41:37.354433,2025-08-22 02:41:37.354433,False,1,False,,,
24141,fcda33c9-2c3c-4e70-9201-5dae3b963b87,464,Send Donor Confirmation,,RESEND,,,0,0,0,2025-08-22 02:41:37.354433,2025-08-22 02:41:37.354433,False,1,False,,,
24142,d01e326e-8596-4641-9239-2860614b4f78,464,Send TIN Request,,Send_TIN_Request,,,0,0,0,2025-09-02 00:24:45.569425,2025-09-02 00:24:45.569425,False,1,False,,,
24143,9f6beeb2-ff40-4a7a-bf35-9a4e43fc0861,464,Send Donation Receipt,,Send_Donation_Receipt,,,0,0,0,2025-09-02 00:24:45.569425,2025-09-02 00:24:45.569425,False,1,False,,,
24144,6ef3a4a8-ddc3-4448-86b3-bf8472e6188c,291,Question Updated,question_updated,QUESTION_UPDATED,,0,0,0,0,2025-11-12 05:13:57.488378,2025-11-12 05:13:57.488378,True,1,,,,
24145,c70a0ce4-b22a-4f92-b1c1-1bcf7c96c242,291,Nonprofit Notifications Updated,nav_nonprofit_notifications_updated,NAV_NONPROFIT_NOTIFICATIONS_UPDATED,,0,0,0,0,2025-11-12 05:13:57.488378,2025-11-12 05:17:58.794108,True,1,False,,,
24146,054f7e54-fab3-46cd-a37b-cf8fbe1537c2,291,Question Option Deleted,question_option_deleted,QUESTION_OPTION_DELETED,,0,0,0,0,2025-11-12 05:13:57.488378,2025-11-12 05:13:57.488378,True,1,,,,
24147,90b1b82a-ad74-4ca5-b6d7-db861daa6fc3,291,Question Option Updated,question_option_updated,QUESTION_OPTION_UPDATED,,0,0,0,0,2025-11-12 05:13:57.488378,2025-11-12 05:13:57.488378,True,1,,,,
24148,5c810b08-06e4-4c14-887d-04aab86e5b38,291,Question Deleted,question_deleted,QUESTION_DELETED,,0,0,0,0,2025-11-12 05:13:57.488378,2025-11-12 05:13:57.488378,True,1,,,,
24149,4b23c7de-e665-4462-89be-542bf34854b3,291,Nonprofit Finance Updated,nav_nonprofit_finance_updated,NAV_NONPROFIT_FINANCE_UPDATED,,0,0,0,0,2025-11-12 05:13:57.488378,2025-11-12 05:17:51.737282,True,1,False,,,
24150,4525b034-0aaa-48b2-84c5-821ec0041996,291,Question Option Added,question_option_added,QUESTION_OPTION_ADDED,,0,0,0,0,2025-11-12 05:13:57.488378,2025-11-12 05:13:57.488378,True,1,,,,
24151,b6c6c8fd-bc78-4cf0-b40e-cda92a4d0b30,291,Nonprofit Finance Added,nav_nonprofit_finance_added,NAV_NONPROFIT_FINANCE_ADDED,,0,0,0,0,2025-11-12 05:13:57.488378,2025-11-12 05:17:42.320051,True,1,False,,,
24152,b8b9e5ca-a5cb-432e-b855-b6df7ac519a9,291,Question Added,question_added,QUESTION_ADDED,,0,0,0,0,2025-11-12 05:13:57.488378,2025-11-12 05:13:57.488378,True,1,,,,
24153,e0322a17-58f5-499d-af67-53eefba06961,467,TIN Request Letter,,tin_request_letter,,,0,0,0,2025-11-12 05:48:19.388133,2025-11-12 05:48:19.388133,False,1,False,,,
24154,7ccb6804-2bc7-45d8-bb07-4f3ba468fd0c,467,1098-C,,1098_c,,,0,0,0,2025-11-12 05:48:19.388133,2025-11-12 05:48:19.388133,False,1,False,,,
24155,f78e1604-fffb-43ed-a7a5-aa0ece0c9527,467,1098-B,,1098_b,,,0,0,0,2025-11-12 05:48:19.388133,2025-11-12 05:48:19.388133,False,1,False,,,
24156,79b39a81-f74c-4e09-bdb4-2d20b2de72fc,467,1098-D,,1098_d,,,0,0,0,2025-11-12 05:48:19.388133,2025-11-12 05:48:19.388133,False,1,False,,,
24157,05a1f7e0-148d-4c93-8d74-1eb47890af89,467,Form 8283-1,,form_8283_1,,,0,0,0,2025-11-12 05:48:19.388133,2025-11-12 05:48:19.388133,False,1,False,,,
24158,9d78c79e-1ec8-4bde-953e-0c4f78ac46f2,467,Form 8283-2,,form_8283_2,,,0,0,0,2025-11-12 05:48:19.388133,2025-11-12 05:48:19.388133,False,1,False,,,
24159,416e2a79-0b35-4af9-9ca4-7d5a1117aa0f,467,Form 8282_Page-1,,form_8282_page_1,,,0,0,0,2025-11-12 05:48:19.388133,2025-11-12 05:48:19.388133,False,1,False,,,
24160,c8125452-0eb6-44fb-86f5-56c7d085e005,467,Form 8282_Page-2,,form_8282_page_2,,,0,0,0,2025-11-12 05:48:19.388133,2025-11-12 05:48:19.388133,False,1,False,,,
24161,6d85f9ab-32f8-4da1-a40d-e11af08ece08,467,Form 8282_Page-3,,form_8282_page_3,,,0,0,0,2025-11-12 05:48:19.388133,2025-11-12 05:48:19.388133,False,1,False,,,
24162,7116c5a3-2a18-4c2d-a25b-26c7314feb35,467,Form 8282_Page-4,,form_8282_page_4,,,0,0,0,2025-11-12 05:48:19.388133,2025-11-12 05:48:19.388133,False,1,False,,,
24163,7c34fd2e-cfb0-4f59-b63c-fbbe3b74eb8f,467,Pickup Form,,pickup_form,,,0,0,0,2025-11-12 05:48:19.388133,2025-11-12 05:48:19.388133,False,1,False,,,
24164,7ad83f10-ebf8-4474-b046-a2b74cd82777,467,Donation Receipt,,donation_receipt,,,0,0,0,2025-11-12 05:48:19.388133,2025-11-12 05:48:19.388133,False,1,False,,,
24165,b8b1b715-8278-4698-b49f-6e39d0461dd6,291,Marketer Nonprofit Contract Deleted,nav_marketer_nonprofit_contract_deleted,NAV_MARKETER_NONPROFIT_CONTRACT_DELETED,,0,0,0,0,2025-11-12 06:04:41.425893,2025-11-12 06:04:41.425893,True,1,,,,
24166,f932ec92-660d-4c50-bb5a-1afb7e412600,291,Marketer Nonprofit Contract Added,nav_marketer_nonprofit_contract_added,NAV_MARKETER_NONPROFIT_CONTRACT_ADDED,,0,0,0,0,2025-11-12 06:04:41.425893,2025-11-12 06:04:41.425893,True,1,,,,
24167,7bec69bc-bc78-403e-93a3-4582f1a430fa,291,Marketer Nonprofit Contract Updated,nav_marketer_nonprofit_contract_updated,NAV_MARKETER_NONPROFIT_CONTRACT_UPDATED,,0,0,0,0,2025-11-12 06:04:41.425893,2025-11-12 06:04:41.425893,True,1,,,,
24168,906b2c36-d0db-4e32-bc05-49edacd92abe,291,Marketer Status Updated,nav_marketer_status_updated,NAV_MARKETER_STATUS_UPDATED,,0,0,0,0,2025-11-12 06:04:41.425893,2025-11-12 06:04:41.425893,True,1,,,,
24169,19bfac91-d0ba-4cff-aca8-2fec39b2bd0d,291,Marketer Default Assign Vendor Updated,nav_marketer_default_assign_vendor_updated,NAV_MARKETER_DEFAULT_ASSIGN_VENDOR_UPDATED,,0,0,0,0,2025-11-12 06:04:41.425893,2025-11-12 06:04:41.425893,True,1,,,,
24170,86798e7c-3eee-41f9-87f3-434e16cf9865,291,Vendor Auto-Bid ZIP Deleted,nav_vendor_bid_retrieval_zip_deleted,NAV_VENDOR_BID_RETRIEVAL_ZIP_DELETED,,0,0,0,0,2025-11-12 06:08:28.246194,2025-11-12 06:08:28.246194,True,1,,,,
24171,47a3ec3c-621a-4f7c-9c9c-c92554a78318,291,Vendor Bid Retrieval Deleted,nav_vendor_bid_retrieval_deleted,NAV_VENDOR_BID_RETRIEVAL_DELETED,,0,0,0,0,2025-11-12 06:08:28.246194,2025-11-12 06:08:28.246194,True,1,,,,
24172,d15b182f-d9b7-412a-91e8-c6f4b7634b47,291,Vendor Email Notification Added,nav_vendor_email_notification_added,NAV_VENDOR_EMAIL_NOTIFICATION_ADDED,,0,0,0,0,2025-11-12 06:08:28.246194,2025-11-12 06:08:28.246194,True,1,,,,
24173,07beef5f-e90e-47a7-8521-d0faed6839aa,291,Vendor Insurance Added,nav_vendor_insurance_added,NAV_VENDOR_INSURANCE_ADDED,,0,0,0,0,2025-11-12 06:08:28.246194,2025-11-12 06:08:28.246194,True,1,,,,
24174,de1be17b-4a2f-473d-bd88-e752eb9cb8fc,291,Vendor Pickup Settings Added,nav_vendor_pickup_settings_added,NAV_VENDOR_PICKUP_SETTINGS_ADDED,,0,0,0,0,2025-11-12 06:08:28.246194,2025-11-12 06:08:28.246194,True,1,,,,
24175,aaff1c11-0735-4898-a6eb-706c22913754,291,Vendor Inventory Location Updated,nav_vendor_inventory_location_updated,NAV_VENDOR_INVENTORY_LOCATION_UPDATED,,0,0,0,0,2025-11-12 06:08:28.246194,2025-11-12 06:08:28.246194,True,1,,,,
24176,211e1dc4-0717-4707-b88e-7ffab170c772,291,Vendor Contract Deleted,nav_vendor_contract_deleted,NAV_VENDOR_CONTRACT_DELETED,,0,0,0,0,2025-11-12 06:08:28.246194,2025-11-12 06:08:28.246194,True,1,,,,
24177,86baec5b-1595-4b1f-9478-bd0243e248b0,291,Vendor Inventory Location Added,nav_vendor_inventory_location_added,NAV_VENDOR_INVENTORY_LOCATION_ADDED,,0,0,0,0,2025-11-12 06:08:28.246194,2025-11-12 06:08:28.246194,True,1,,,,
24178,ca347fe6-e749-47ed-a026-76d34961af5e,291,Vendor Auto-Bid ZIP Added,nav_vendor_bid_retrieval_zip_added,NAV_VENDOR_BID_RETRIEVAL_ZIP_ADDED,,0,0,0,0,2025-11-12 06:08:28.246194,2025-11-12 06:08:28.246194,True,1,,,,
24179,3ec701b3-fb2c-4b7c-bf0a-bc6948cc67d3,291,Vendor Email Notifications Updated,nav_vendor_email_notifications_updated,NAV_VENDOR_EMAIL_NOTIFICATIONS_UPDATED,,0,0,0,0,2025-11-12 06:08:28.246194,2025-11-12 06:08:28.246194,True,1,,,,
24180,f43fc92b-c849-4db1-85ea-18ff1500d1e6,291,Vendor Insurance Updated,nav_vendor_insurance_updated,NAV_VENDOR_INSURANCE_UPDATED,,0,0,0,0,2025-11-12 06:08:28.246194,2025-11-12 06:08:28.246194,True,1,,,,
24181,2a9044c7-19c9-4fc7-82d9-cd556a97b226,291,Vendor Details Updated,nav_vendor_details_updated,NAV_VENDOR_DETAILS_UPDATED,,0,0,0,0,2025-11-12 06:08:28.246194,2025-11-12 06:08:28.246194,True,1,,,,
24182,44619021-f46a-41cb-b085-83611f068280,291,Vendor Blackout Date Added,nav_vendor_blackout_date_added,NAV_VENDOR_BLACKOUT_DATE_ADDED,,0,0,0,0,2025-11-12 06:08:28.246194,2025-11-12 06:08:28.246194,True,1,,,,
24183,5c1ab9cb-9b41-437f-8290-5acd1ed38311,291,Vendor Insurance Deleted,nav_vendor_insurance_deleted,NAV_VENDOR_INSURANCE_DELETED,,0,0,0,0,2025-11-12 06:08:28.246194,2025-11-12 06:08:28.246194,True,1,,,,
24184,dfe96425-3713-4184-a78c-e4da74c73b31,291,Vendor Auction ZIP Added,nav_vendor_auction_zip_added,NAV_VENDOR_AUCTION_ZIP_ADDED,,0,0,0,0,2025-11-12 06:08:28.246194,2025-11-12 06:08:28.246194,True,1,,,,
24185,873bc8f8-311f-48ce-a449-1c78537b40ab,291,Assignment Rule Added,assignment_rule_added,ASSIGNMENT_RULE_ADDED,,0,0,0,0,2025-11-12 06:08:28.246194,2025-11-12 06:08:28.246194,True,1,,,,
24186,384bdc71-05c6-475b-8746-1a72a62d45c1,291,Vendor Invoice Statement Settings Updated,nav_vendor_invoice_statement_settings_updated,NAV_VENDOR_INVOICE_STATEMENT_SETTINGS_UPDATED,,0,0,0,0,2025-11-12 06:08:28.246194,2025-11-12 06:08:28.246194,True,1,,,,
24187,6df47abb-5d36-412b-98ff-47271d8cb09f,291,Vendor Pickup Settings Updated,nav_vendor_pickup_settings_updated,NAV_VENDOR_PICKUP_SETTINGS_UPDATED,,0,0,0,0,2025-11-12 06:08:28.246194,2025-11-12 06:08:28.246194,True,1,,,,
24188,09758dd6-9c06-4372-9db9-e5140a5974e0,291,Vendor Auction ZIP Deleted,nav_vendor_auction_zip_deleted,NAV_VENDOR_AUCTION_ZIP_DELETED,,0,0,0,0,2025-11-12 06:08:28.246194,2025-11-12 06:08:28.246194,True,1,,,,
24189,b547f1cd-329c-4505-a48e-377f4735a7f0,291,Vendor Blackout Date Deleted,nav_vendor_blackout_date_deleted,NAV_VENDOR_BLACKOUT_DATE_DELETED,,0,0,0,0,2025-11-12 06:08:28.246194,2025-11-12 06:08:28.246194,True,1,,,,
24190,e03d1f4c-7fce-4798-859d-6669c9e91450,291,Assignment Rule Deleted,assignment_rule_deleted,ASSIGNMENT_RULE_DELETED,,0,0,0,0,2025-11-12 06:08:28.246194,2025-11-12 06:08:28.246194,True,1,,,,
24191,d502406a-6b13-4978-bfbc-f13634590893,291,Vendor Direct Buy ZIP Added,nav_vendor_direct_buy_zip_added,NAV_VENDOR_DIRECT_BUY_ZIP_ADDED,,0,0,0,0,2025-11-12 06:08:28.246194,2025-11-12 06:08:28.246194,True,1,,,,
24192,42664093-8d89-4bac-85da-c60617d52b6b,291,Vendor Contract Updated,nav_vendor_contract_updated,NAV_VENDOR_CONTRACT_UPDATED,,0,0,0,0,2025-11-12 06:08:28.246194,2025-11-12 06:08:28.246194,True,1,,,,
24193,479e5c01-cb1c-48e2-bb0f-10046f8193c9,291,Vendor Direct Buy ZIP Deleted,nav_vendor_direct_buy_zip_deleted,NAV_VENDOR_DIRECT_BUY_ZIP_DELETED,,0,0,0,0,2025-11-12 06:08:28.246194,2025-11-12 06:08:28.246194,True,1,,,,
24194,cb4fe310-6d51-4b16-9684-a31285dd94dc,291,Assignment Rule Updated,assignment_rule_updated,ASSIGNMENT_RULE_UPDATED,,0,0,0,0,2025-11-12 06:08:28.246194,2025-11-12 06:08:28.246194,True,1,,,,
24195,6d330b83-0c26-4d52-a1b7-3393348ddad1,291,Vendor Contract Added,nav_vendor_contract_added,NAV_VENDOR_CONTRACT_ADDED,,0,0,0,0,2025-11-12 06:08:28.246194,2025-11-12 06:08:28.246194,True,1,,,,
24196,bf5ce7ff-6a09-47e4-968f-dbcd4b6e977a,291,Vendor Bid Retrieval Updated,nav_vendor_bid_retrieval_updated,NAV_VENDOR_BID_RETRIEVAL_UPDATED,,0,0,0,0,2025-11-12 06:08:28.246194,2025-11-12 06:08:28.246194,True,1,,,,
24197,cc2436a9-ba98-4f77-88e0-bdfa2a02d096,291,Vendor Direct Buy ZIP Updated,nav_vendor_direct_buy_zip_updated,NAV_VENDOR_DIRECT_BUY_ZIP_UPDATED,,0,0,0,0,2025-11-12 06:08:28.246194,2025-11-12 06:08:28.246194,True,1,,,,
24198,dcbe6404-997f-47bb-affc-dbcf458d1289,291,Vendor Blackout Date Updated,nav_vendor_blackout_date_updated,NAV_VENDOR_BLACKOUT_DATE_UPDATED,,0,0,0,0,2025-11-12 06:08:28.246194,2025-11-12 06:08:28.246194,True,1,,,,
24199,71f73bd7-8383-450d-b3ba-2172c3ba4520,291,Vendor Auction ZIP Updated,nav_vendor_auction_zip_updated,NAV_VENDOR_AUCTION_ZIP_UPDATED,,0,0,0,0,2025-11-12 06:08:28.246194,2025-11-12 06:08:28.246194,True,1,,,,
24200,ae8a93a4-8a74-4bab-8c2e-204f45d50cdc,291,Vendor Active Status Updated,nav_vendor_active_status_updated,NAV_VENDOR_ACTIVE_STATUS_UPDATED,,0,0,0,0,2025-11-12 06:08:28.246194,2025-11-12 06:08:28.246194,True,1,,,,
24201,7ec57063-a59d-4180-be51-620756023c80,291,Vendor Bid Retrieval Added,nav_vendor_bid_retrieval_added,NAV_VENDOR_BID_RETRIEVAL_ADDED,,0,0,0,0,2025-11-12 06:08:28.246194,2025-11-12 06:08:28.246194,True,1,,,,
24203,56546136-a079-44b3-8a07-22827a4a977f,445,Hybrid,,,,,0,0,0,2025-11-13 04:59:29.228351,2025-11-13 04:59:29.228351,False,1,False,,,
24204,3bb8e5e9-fdc1-46ec-a54c-126e123f2607,294,stage,,,,1,0,0,0,2025-11-13 23:02:30.433462,2025-11-13 23:03:31.19163,False,1,False,,,
24205,120fe00c-4553-4b48-b601-a4269fcf40f8,296,status,,,,,0,0,0,2025-11-13 23:02:30.433462,2025-11-13 23:02:30.433462,False,1,False,,,
24206,8efda3d8-fff0-4b1f-84a6-98442f248451,461,Resend Docs,,RESEND_DOCS,,,0,0,0,,,False,1,False,,,
24210,9d79e877-148c-4604-8b59-ea4d7c578a16,294,Engage,,,,0,0,0,0,2025-11-18 04:37:59.638383,2025-11-18 04:37:59.638383,False,1,False,,,
24211,27258259-ed1a-4db1-be88-5c64c0090237,294,Execute,,,,0,0,0,0,2025-11-18 04:37:59.638383,2025-11-18 04:37:59.638383,False,1,False,,,
24212,1a00bcc1-3810-4366-9c15-dc22579bbfab,294,Evaluate,,,,0,0,0,0,2025-11-18 04:37:59.638383,2025-11-18 04:37:59.638383,False,1,False,,,
24213,cb9dc42a-0225-4749-a7b7-d4b68be5c706,294,Evaluate,,,,0,0,0,0,2025-11-18 04:37:59.638383,2025-11-18 04:37:59.638383,False,1,False,,,
24214,04571a3f-b009-421d-999c-8750283b2693,294,Specify,,,,0,0,0,0,2025-11-18 04:37:59.638383,2025-11-18 04:37:59.638383,False,1,False,,,
24215,bf15cc2a-6497-4487-a8ee-a7e2d341550a,294,Engage,,,,0,0,0,0,2025-11-18 04:37:59.638383,2025-11-18 04:37:59.638383,False,1,False,,,
24216,ce8f17a9-f366-440d-ba9f-7ad18ccb3d42,294,Specify,,,,0,0,0,0,2025-11-18 04:37:59.638383,2025-11-18 04:37:59.638383,False,1,False,,,
24217,3865fada-0a27-414a-af93-49e3a10f3aa8,294,Execute,,,,0,0,0,0,2025-11-18 04:37:59.638383,2025-11-18 04:37:59.638383,False,1,False,,,
24218,f216f73b-0d39-444c-bacb-4e14cc5d5eaf,294,Execute,,,,0,0,0,0,2025-11-18 04:37:59.638383,2025-11-18 04:37:59.638383,False,1,False,,,
24219,5a07ea19-025f-44cd-a222-6312a6b79fc5,294,Explore,,,,0,0,0,0,2025-11-18 04:37:59.638383,2025-11-18 04:37:59.638383,False,1,False,,,
24220,d3a42e5f-be32-4d2f-b55b-bda0ca4e1861,294,Explore,,,,0,0,0,0,2025-11-18 04:37:59.638383,2025-11-18 04:37:59.638383,False,1,False,,,
24221,f78cb738-fd09-4a90-8c38-6eb702ca7bb5,294,Specify,,,,0,0,0,0,2025-11-18 04:37:59.638383,2025-11-18 04:37:59.638383,False,1,False,,,
24222,6412c069-1fd6-480e-bdfc-e36bf802b26f,294,Evaluate,,,,0,0,0,0,2025-11-18 04:37:59.638383,2025-11-18 04:37:59.638383,False,1,False,,,
24223,2ce7e00b-ab17-4042-bc33-9c0cc80cdf33,294,Explore,,,,0,0,0,0,2025-11-18 04:37:59.638383,2025-11-18 04:37:59.638383,False,1,False,,,
24224,011f4c32-355e-4b40-a16f-4aeff6f2e7c5,294,Execute,,,,0,0,0,0,2025-11-18 04:37:59.638383,2025-11-18 04:37:59.638383,False,1,False,,,
24225,61b01059-41fe-4449-bef0-bf4964202274,294,Engage,,,,0,0,0,0,2025-11-18 04:37:59.638383,2025-11-18 04:37:59.638383,False,1,False,,,
24226,5336f2f5-c0a6-4c6d-8aec-f6c38d57aee1,294,Specify,,,,0,0,0,0,2025-11-18 04:37:59.638383,2025-11-18 04:37:59.638383,False,1,False,,,
24227,67f971b0-7595-4929-8d77-eee0e13ecb09,294,Evaluate,,,,0,0,0,0,2025-11-18 04:37:59.638383,2025-11-18 04:37:59.638383,False,1,False,,,
24228,523861e6-8b08-4b17-b8c4-a4fb5b6b5323,294,Engage,,,,0,0,0,0,2025-11-18 04:37:59.638383,2025-11-18 04:37:59.638383,False,1,False,,,
24229,589c07a7-84a9-474d-9f8e-c39607fa7e4e,294,Explore,,,,0,0,0,0,2025-11-18 04:37:59.638383,2025-11-18 04:37:59.638383,False,1,False,,,
24230,4f1ef0ea-5a80-4d13-942c-2c2d784fbdfc,294,stage1,,,,1,0,0,0,2025-11-18 04:37:59.638383,2025-11-18 04:37:59.638383,False,1,False,,,
24231,763828c9-07cc-4908-87fe-f59bb8d776ba,294,stage1,,,,1,0,0,0,2025-11-18 04:37:59.638383,2025-11-18 04:37:59.638383,False,1,False,,,
24232,5bb9aa71-c41f-4da1-89a1-e899b3080308,294,stage,,,,1,0,0,0,2025-11-18 04:37:59.638383,2025-11-18 04:37:59.638383,False,1,False,,,
24233,1d08a7e2-8775-4dea-8597-e297cf1b93b9,296,In Progress,,,,,0,0,0,2025-11-18 04:37:59.638383,2025-11-18 04:37:59.638383,False,1,False,,,
24234,cb8bd985-4a0f-4fc8-8f6d-7868a4099da6,296,status,,,,,0,0,0,2025-11-18 04:37:59.638383,2025-11-18 04:37:59.638383,False,1,False,,,
24235,46424568-b3aa-4fb4-8c6b-643fc8d51cd3,296,new,,,,,0,0,0,2025-11-18 04:37:59.638383,2025-11-18 04:37:59.638383,False,1,False,,,
24236,de01fc56-b99c-4fa7-955f-91320642140d,296,Incomplete,,,,,0,0,0,2025-11-18 04:37:59.638383,2025-11-18 04:37:59.638383,False,1,False,,,
24237,9501309d-62d0-4858-9f2c-3aabc8f84a14,296,Completed,,,,,0,0,0,2025-11-18 04:37:59.638383,2025-11-18 04:37:59.638383,False,1,False,,,
24238,64e78446-3fe9-4880-93c3-4b5d9997cf2e,468,Error,,error,,,0,0,0,2025-11-20 05:27:20.295823,2025-11-20 05:27:20.295823,False,1,False,,,
24239,a79f78c7-881c-4708-b559-d2d36ddebec0,468,Warning,,warning,,,0,0,0,2025-11-20 05:27:20.295823,2025-11-20 05:27:20.295823,False,1,False,,,
24240,9792d5bf-8f54-4884-90de-86582b16fd90,291,Donation Note Deleted,DONATION_NOTE_DELETED,DONATION_NOTE_DELETED,,0,0,1,0,2025-11-20 22:48:50.54847,2025-11-20 22:48:50.54847,False,1,False,,,False
24241,9171acf9-284c-45f9-b8dd-c5c9ae114e34,291,Vehicle Note Deleted,VEHICLE_NOTE_DELETED,VEHICLE_NOTE_DELETED,,0,0,1,0,2025-11-20 22:48:50.54847,2025-11-20 22:48:50.54847,False,1,False,,,False
24242,925f450a-f515-4fee-a8f0-b5d2de2e81d7,291,Donation Note Updated,DONATION_NOTE_UPDATED,DONATION_NOTE_UPDATED,,0,0,1,0,2025-11-20 22:48:50.54847,2025-11-20 22:48:50.54847,False,1,False,,,False
24243,34147cd1-c317-4bc7-b85b-39bb071caa9c,291,Vehicle Note Updated,VEHICLE_NOTE_UPDATED,VEHICLE_NOTE_UPDATED,,0,0,1,0,2025-11-20 22:48:50.54847,2025-11-20 22:48:50.54847,False,1,False,,,False
24244,f32f8973-8f81-479e-b012-58b48cf49a68,294,Execute,,,,0,0,0,0,2025-11-21 08:55:21.559279,2025-11-21 08:55:21.559279,False,1,False,,,
24245,35af104a-c96d-447e-a8d8-3dfff1959aed,294,Explore,,,,0,0,0,0,2025-11-21 08:55:21.559279,2025-11-21 08:55:21.559279,False,1,False,,,
24246,c044491c-d0be-4acb-ab8e-239a3f074cb3,294,Evaluate,,,,0,0,0,0,2025-11-21 08:55:21.559279,2025-11-21 08:55:21.559279,False,1,False,,,
24247,4c5110c6-aebd-415d-b07c-03d756c48e46,294,Specify,,,,0,0,0,0,2025-11-21 08:55:21.559279,2025-11-21 08:55:21.559279,False,1,False,,,
24248,1b0fadd9-4703-4e46-9b7b-409c69d87734,294,Explore,,,,0,0,0,0,2025-11-21 08:55:21.559279,2025-11-21 08:55:21.559279,False,1,False,,,
24249,9d83c748-6fe5-4e09-8149-848c3cb4df29,294,Evaluate,,,,0,0,0,0,2025-11-21 08:55:21.559279,2025-11-21 08:55:21.559279,False,1,False,,,
24250,61a55711-fdd3-4922-956a-b7a0f383d11b,294,Evaluate,,,,0,0,0,0,2025-11-21 08:55:21.559279,2025-11-21 08:55:21.559279,False,1,False,,,
24251,072145a2-3741-4fd4-8da4-c41b5d89817d,294,Specify,,,,0,0,0,0,2025-11-21 08:55:21.559279,2025-11-21 08:55:21.559279,False,1,False,,,
24252,eec20e14-8608-4e36-9e9e-6cf32a4c565a,294,Engage,,,,0,0,0,0,2025-11-21 08:55:21.559279,2025-11-21 08:55:21.559279,False,1,False,,,
24253,a79ef4c9-cf71-4107-8fd1-a6dfbdd62e4d,294,Execute,,,,0,0,0,0,2025-11-21 08:55:21.559279,2025-11-21 08:55:21.559279,False,1,False,,,
24254,6bfc950b-4d4e-4aad-8552-9cf4087769dc,294,Execute,,,,0,0,0,0,2025-11-21 08:55:21.559279,2025-11-21 08:55:21.559279,False,1,False,,,
24255,00def197-bdd0-4193-a50f-8a1065ea8577,294,Specify,,,,0,0,0,0,2025-11-21 08:55:21.559279,2025-11-21 08:55:21.559279,False,1,False,,,
24256,bd6214b1-9403-4a1c-8994-1f0ac986f058,294,Specify,,,,0,0,0,0,2025-11-21 08:55:21.559279,2025-11-21 08:55:21.559279,False,1,False,,,
24257,baf2872e-4422-455e-adbb-6e2c30994bd6,294,Explore,,,,0,0,0,0,2025-11-21 08:55:21.559279,2025-11-21 08:55:21.559279,False,1,False,,,
24258,0bafcf45-0056-452c-a882-5d49cd013556,294,Execute,,,,0,0,0,0,2025-11-21 08:55:21.559279,2025-11-21 08:55:21.559279,False,1,False,,,
24259,d047646a-81f6-4940-b20d-b285642efc21,294,Execute,,,,0,0,0,0,2025-11-21 08:55:21.559279,2025-11-21 08:55:21.559279,False,1,False,,,
24260,4a9b7b66-3698-439d-a5e2-57e7aaefd9e5,294,Execute,,,,0,0,0,0,2025-11-21 08:55:21.559279,2025-11-21 08:55:21.559279,False,1,False,,,
24261,c6b9b4e8-2ff5-49da-a706-f0744e8e8d33,294,Explore,,,,0,0,0,0,2025-11-21 08:55:21.559279,2025-11-21 08:55:21.559279,False,1,False,,,
24262,8cb1c50e-3df7-4d6b-b45d-5e84dd0d23dd,294,Specify,,,,0,0,0,0,2025-11-21 08:55:21.559279,2025-11-21 08:55:21.559279,False,1,False,,,
24263,809dbcd5-bb90-413b-8aa5-da293bf5e284,294,Explore,,,,0,0,0,0,2025-11-21 08:55:21.559279,2025-11-21 08:55:21.559279,False,1,False,,,
24264,2b6fa5b3-f665-4371-bf98-165247f49aaf,294,Engage,,,,0,0,0,0,2025-11-21 08:55:21.559279,2025-11-21 08:55:21.559279,False,1,False,,,
24265,219d0b40-5878-47fd-9593-92af9de722c5,294,Specify,,,,0,0,0,0,2025-11-21 08:55:21.559279,2025-11-21 08:55:21.559279,False,1,False,,,
24266,a392fa29-33e9-456d-a1f3-bb67cefbfeee,294,Evaluate,,,,0,0,0,0,2025-11-21 08:55:21.559279,2025-11-21 08:55:21.559279,False,1,False,,,
24267,d9817e1d-5503-4fdc-b6af-07ca237985c9,294,Explore,,,,0,0,0,0,2025-11-21 08:55:21.559279,2025-11-21 08:55:21.559279,False,1,False,,,
24268,4b9f6e92-9408-4eb7-a6a7-6b099c0c12bd,294,Evaluate,,,,0,0,0,0,2025-11-21 08:55:21.559279,2025-11-21 08:55:21.559279,False,1,False,,,
24269,c6e60bd8-857f-4136-93b3-e5ca969cc701,294,Execute,,,,0,0,0,0,2025-11-21 08:55:21.559279,2025-11-21 08:55:21.559279,False,1,False,,,
24270,8592539e-d1bb-4ca4-8eb0-262b1f5a5fd0,294,Specify,,,,0,0,0,0,2025-11-21 08:55:21.559279,2025-11-21 08:55:21.559279,False,1,False,,,
24271,e4e81dd1-c6f4-4025-bb47-e3e2f0adc83d,294,Engage,,,,0,0,0,0,2025-11-21 08:55:21.559279,2025-11-21 08:55:21.559279,False,1,False,,,
24272,966a0e8e-bd6a-4df5-ac87-6429dedc7284,294,Engage,,,,0,0,0,0,2025-11-21 08:55:21.559279,2025-11-21 08:55:21.559279,False,1,False,,,
24273,3ecbce36-cb04-411e-bdf2-531678dec2c9,294,Execute,,,,0,0,0,0,2025-11-21 08:55:21.559279,2025-11-21 08:55:21.559279,False,1,False,,,
24274,43add0b0-5e3d-4854-a095-cef49959ac6f,294,Specify,,,,0,0,0,0,2025-11-21 08:55:21.559279,2025-11-21 08:55:21.559279,False,1,False,,,
24275,a9d39e32-1f07-44bd-b141-09366aaca8b2,294,Evaluate,,,,0,0,0,0,2025-11-21 08:55:21.559279,2025-11-21 08:55:21.559279,False,1,False,,,
24276,cf4c7ed0-1f01-4a6b-b6ea-7042e8af849e,294,Evaluate,,,,0,0,0,0,2025-11-21 08:55:21.559279,2025-11-21 08:55:21.559279,False,1,False,,,
24277,ae585ca2-0e20-4938-8392-b56c283bf2f5,294,Engage,,,,0,0,0,0,2025-11-21 08:55:21.559279,2025-11-21 08:55:21.559279,False,1,False,,,
24278,800c3d3c-d309-49aa-9e43-ac181787ea21,294,Explore,,,,0,0,0,0,2025-11-21 08:55:21.559279,2025-11-21 08:55:21.559279,False,1,False,,,
24279,b9a4e2ac-9983-44f5-a33e-f45aed2a04df,294,Engage,,,,0,0,0,0,2025-11-21 08:55:21.559279,2025-11-21 08:55:21.559279,False,1,False,,,
24280,9e2bc96e-be23-4199-b510-33e2a994080a,294,Engage,,,,0,0,0,0,2025-11-21 08:55:21.559279,2025-11-21 08:55:21.559279,False,1,False,,,
24281,bd3fb23b-5e65-4136-88a2-a96bd5429f08,294,Explore,,,,0,0,0,0,2025-11-21 08:55:21.559279,2025-11-21 08:55:21.559279,False,1,False,,,
24282,eabdf004-4970-4caf-95d3-a6dfcd7ae49f,294,Engage,,,,0,0,0,0,2025-11-21 08:55:21.559279,2025-11-21 08:55:21.559279,False,1,False,,,
24283,a7103aba-22ed-4f10-961d-1f9222b9f99b,294,Evaluate,,,,0,0,0,0,2025-11-21 08:55:21.559279,2025-11-21 08:55:21.559279,False,1,False,,,
24284,4bf30bd2-327d-4ffa-b9ea-144501f343d2,294,stage1,,,,1,0,0,0,2025-11-21 08:55:21.559279,2025-11-21 08:55:21.559279,False,1,False,,,
24285,497e48e5-33db-4f94-bc66-5c076c9888bc,294,stage1,,,,1,0,0,0,2025-11-21 08:55:21.559279,2025-11-21 08:55:21.559279,False,1,False,,,
24286,520861dc-6881-457c-9b89-3ccaadec1b1a,294,stage,,,,1,0,0,0,2025-11-21 08:55:21.559279,2025-11-21 08:55:21.559279,False,1,False,,,
24287,569d42ef-9fca-4e36-9b82-ec6f1115b4af,294,stage1,,,,1,0,0,0,2025-11-21 08:55:21.559279,2025-11-21 08:55:21.559279,False,1,False,,,
24288,28938a7e-6b55-4a67-bdf1-266ab64976b9,294,stage1,,,,1,0,0,0,2025-11-21 08:55:21.559279,2025-11-21 08:55:21.559279,False,1,False,,,
24289,031a9b91-9e29-48b0-a21a-140e1ee7b444,294,stage,,,,1,0,0,0,2025-11-21 08:55:21.559279,2025-11-21 08:55:21.559279,False,1,False,,,
24290,68622fbc-8d54-4cad-91d2-fc7680ff6b78,296,status,,,,,0,0,0,2025-11-21 08:55:21.559279,2025-11-21 08:55:21.559279,False,1,False,,,
24291,495c4429-45a9-4eec-ba93-0ffe16bfa079,296,Completed,,,,,0,0,0,2025-11-21 08:55:21.559279,2025-11-21 08:55:21.559279,False,1,False,,,
24292,594eaa87-44ac-41ac-9b59-17f0dc3ae5cb,296,Incomplete,,,,,0,0,0,2025-11-21 08:55:21.559279,2025-11-21 08:55:21.559279,False,1,False,,,
24293,6aba2e40-72a4-4a12-87c8-dec14b67199e,296,In Progress,,,,,0,0,0,2025-11-21 08:55:21.559279,2025-11-21 08:55:21.559279,False,1,False,,,
24294,3fd75360-8159-4af1-a462-78fc1f58f4cc,296,new,,,,,0,0,0,2025-11-21 08:55:21.559279,2025-11-21 08:55:21.559279,False,1,False,,,
24323,bce38343-7973-4bde-ab11-b9bc493f0223,469,Donation Receipt,,donation-receipt,,,0,0,0,2025-12-09 03:29:43.256743,2025-12-09 03:29:43.256743,False,1,False,,,
24324,0b00e5be-c739-4c73-ac94-1805300adfd8,469,Pickup Form,,pickup-form,,,0,0,0,2025-12-09 03:29:43.256743,2025-12-09 03:29:43.256743,False,1,False,,,
24325,08e6e27d-4cec-46f3-925e-8655fd416651,469,Pickup Slip,,pickup-slip,,,0,0,0,2025-12-09 03:29:43.256743,2025-12-09 03:29:43.256743,False,1,False,,,
24326,c065095d-01e1-4e0e-a336-66562b443a71,469,1098-C,,1098-C,,,0,0,0,2025-12-09 03:29:43.256743,2025-12-09 03:29:43.256743,False,1,False,,,
24327,29569862-9c7f-4966-bf18-693848af8bf9,469,Form 8283,,form-8283,,,0,0,0,2025-12-09 03:29:43.256743,2025-12-09 03:29:43.256743,False,1,False,,,
24329,edc6fe68-a995-4baf-b0f4-4a927df71a50,291,Vehicle Updated,,VEHICLE_UPDATED,,0,0,0,0,2025-12-15 12:59:55.915676,2025-12-15 12:59:55.915676,False,1,False,,,
24331,1f22ad40-1a5e-40c9-86b1-07071a417b10,408,Accounting Notes,,VEHICLE_ACCOUNTING_NOTE,,,0,0,0,2025-12-29 18:57:43.153016,2025-12-29 18:57:43.153016,False,1,False,,,
24332,16ee3a13-23aa-4812-8176-9ad41c5044b7,408,Inventory Notes,,VEHICLE_INVENTORY_NOTE,,,0,0,0,2025-12-29 18:57:54.480516,2025-12-29 18:57:54.480516,False,1,False,,,
24333,226e9db4-00a7-4c4c-93e5-13c99c2d4e0c,291,Document Activity,DOCUMENT_ACTIVITY,DOCUMENT_ACTIVITY,,,0,0,0,2025-12-15 12:59:55.915676,2025-12-15 12:59:55.915676,False,1,False,,,
24334,fb31f928-180a-4026-a912-b09cf3b066a4,294,Specify,,,,0,0,0,0,2025-12-31 10:59:44.715497,2025-12-31 10:59:44.715497,False,1,False,,,
24335,8e0d1ce0-2125-47a4-b981-59f9cba3f391,294,Engage,,,,0,0,0,0,2025-12-31 10:59:44.715497,2025-12-31 10:59:44.715497,False,1,False,,,
24336,fbd820ea-8bd3-4571-8e20-ee8a13b0986e,294,Evaluate,,,,0,0,0,0,2025-12-31 10:59:44.715497,2025-12-31 10:59:44.715497,False,1,False,,,
24337,d30eca98-fcf5-4971-9a15-9b63575bc56a,294,Engage,,,,0,0,0,0,2025-12-31 10:59:44.715497,2025-12-31 10:59:44.715497,False,1,False,,,
24338,41c756dd-bf9e-47ab-9406-b0eb4375ffbc,294,Explore,,,,0,0,0,0,2025-12-31 10:59:44.715497,2025-12-31 10:59:44.715497,False,1,False,,,
24339,64c4e593-e92d-4d56-a978-88de929ee4e2,294,Evaluate,,,,0,0,0,0,2025-12-31 10:59:44.715497,2025-12-31 10:59:44.715497,False,1,False,,,
24340,7820a05e-7fd4-4cd8-ae60-d5f56b1b6b05,294,Specify,,,,0,0,0,0,2025-12-31 10:59:44.715497,2025-12-31 10:59:44.715497,False,1,False,,,
24341,70c6e193-9439-4aef-a0d8-57b36fe5d884,294,Specify,,,,0,0,0,0,2025-12-31 10:59:44.715497,2025-12-31 10:59:44.715497,False,1,False,,,
24342,c6423eb6-5ed0-414b-bac2-245716c934a7,294,Execute,,,,0,0,0,0,2025-12-31 10:59:44.715497,2025-12-31 10:59:44.715497,False,1,False,,,
24343,0d12b4bd-f71c-474d-9e66-44e9c46148ce,294,Explore,,,,0,0,0,0,2025-12-31 10:59:44.715497,2025-12-31 10:59:44.715497,False,1,False,,,
24344,8736f9c2-5d46-4682-b743-4fc0fc9921dd,294,Execute,,,,0,0,0,0,2025-12-31 10:59:44.715497,2025-12-31 10:59:44.715497,False,1,False,,,
24345,80ee2e92-72f4-4778-b472-af80d8b591ae,294,Explore,,,,0,0,0,0,2025-12-31 10:59:44.715497,2025-12-31 10:59:44.715497,False,1,False,,,
24346,fc72e7e5-2447-4504-8bd0-bbe279f0a2c7,294,Evaluate,,,,0,0,0,0,2025-12-31 10:59:44.715497,2025-12-31 10:59:44.715497,False,1,False,,,
24347,b656beee-9849-4518-80c1-0dadc72fced1,294,Evaluate,,,,0,0,0,0,2025-12-31 10:59:44.715497,2025-12-31 10:59:44.715497,False,1,False,,,
24348,665840bb-f8ff-4711-b226-e0b62ed01d0d,294,Specify,,,,0,0,0,0,2025-12-31 10:59:44.715497,2025-12-31 10:59:44.715497,False,1,False,,,
24349,30789c3c-7eec-4765-b155-c954a4446a3c,294,Explore,,,,0,0,0,0,2025-12-31 10:59:44.715497,2025-12-31 10:59:44.715497,False,1,False,,,
24350,d97a599d-5b08-44b8-bf37-cfc3d8624e76,294,Engage,,,,0,0,0,0,2025-12-31 10:59:44.715497,2025-12-31 10:59:44.715497,False,1,False,,,
24351,bd44f6eb-037e-473e-9029-b3a94902db9d,294,Engage,,,,0,0,0,0,2025-12-31 10:59:44.715497,2025-12-31 10:59:44.715497,False,1,False,,,
24352,666f75ee-3a42-49b3-83aa-19e96d288997,294,Specify,,,,0,0,0,0,2025-12-31 10:59:44.715497,2025-12-31 10:59:44.715497,False,1,False,,,
24353,3c06663f-0106-4994-a2c1-45ce4b267092,294,Specify,,,,0,0,0,0,2025-12-31 10:59:44.715497,2025-12-31 10:59:44.715497,False,1,False,,,
24354,0a616a40-f8a9-4473-93df-6f3840d27604,294,Execute,,,,0,0,0,0,2025-12-31 10:59:44.715497,2025-12-31 10:59:44.715497,False,1,False,,,
24355,f29ad8d7-78b0-42aa-b216-d9cfaeff3a9e,294,Execute,,,,0,0,0,0,2025-12-31 10:59:44.715497,2025-12-31 10:59:44.715497,False,1,False,,,
24356,82838d15-56af-4e8c-b627-a04349fa19f4,294,Execute,,,,0,0,0,0,2025-12-31 10:59:44.715497,2025-12-31 10:59:44.715497,False,1,False,,,
24357,f78274d8-732c-45cb-930c-90f989bc77d5,294,Specify,,,,0,0,0,0,2025-12-31 10:59:44.715497,2025-12-31 10:59:44.715497,False,1,False,,,
24358,d567fb61-36d5-4ae9-991b-bf9b5cdd0190,294,Specify,,,,0,0,0,0,2025-12-31 10:59:44.715497,2025-12-31 10:59:44.715497,False,1,False,,,
24359,a199452d-94cf-45eb-be53-555ca96225d1,294,Explore,,,,0,0,0,0,2025-12-31 10:59:44.715497,2025-12-31 10:59:44.715497,False,1,False,,,
24360,3f57ef06-b64f-4e6e-850f-9fc49235ff40,294,Execute,,,,0,0,0,0,2025-12-31 10:59:44.715497,2025-12-31 10:59:44.715497,False,1,False,,,
24361,ea8057fa-2984-492d-8a5e-08c17eee518c,294,Explore,,,,0,0,0,0,2025-12-31 10:59:44.715497,2025-12-31 10:59:44.715497,False,1,False,,,
24362,0e601830-5783-4ec7-ad1d-ae71534e19f3,294,Specify,,,,0,0,0,0,2025-12-31 10:59:44.715497,2025-12-31 10:59:44.715497,False,1,False,,,
24363,7631b76e-a8f3-4f9d-a33f-7303fc872ff4,294,Execute,,,,0,0,0,0,2025-12-31 10:59:44.715497,2025-12-31 10:59:44.715497,False,1,False,,,
24364,6e69f5f5-7a99-437a-9311-b8f2e753c1ee,294,Execute,,,,0,0,0,0,2025-12-31 10:59:44.715497,2025-12-31 10:59:44.715497,False,1,False,,,
24365,43253f8d-f9be-474b-97f1-0cbf87ad3529,294,Explore,,,,0,0,0,0,2025-12-31 10:59:44.715497,2025-12-31 10:59:44.715497,False,1,False,,,
24366,3b8ac166-d728-41f3-83ea-2b5697a4cfdf,294,Explore,,,,0,0,0,0,2025-12-31 10:59:44.715497,2025-12-31 10:59:44.715497,False,1,False,,,
24367,ac975b92-9aad-4ff2-96fa-8131da1e0051,294,Execute,,,,0,0,0,0,2025-12-31 10:59:44.715497,2025-12-31 10:59:44.715497,False,1,False,,,
24368,96e55616-dac6-4297-a1f2-8c69832e00c1,294,Specify,,,,0,0,0,0,2025-12-31 10:59:44.715497,2025-12-31 10:59:44.715497,False,1,False,,,
24369,0503d21f-dbc7-4b1e-99ad-feee8a17c16c,294,Evaluate,,,,0,0,0,0,2025-12-31 10:59:44.715497,2025-12-31 10:59:44.715497,False,1,False,,,
24370,cc6b3f94-8234-40a3-a566-6d8b4ed708a4,294,Specify,,,,0,0,0,0,2025-12-31 10:59:44.715497,2025-12-31 10:59:44.715497,False,1,False,,,
24371,e025d8ab-d2f0-403c-a2e5-eed45fbaf743,294,Evaluate,,,,0,0,0,0,2025-12-31 10:59:44.715497,2025-12-31 10:59:44.715497,False,1,False,,,
24372,eb88b939-c1c9-4006-adc6-3336980e2089,294,Evaluate,,,,0,0,0,0,2025-12-31 10:59:44.715497,2025-12-31 10:59:44.715497,False,1,False,,,
24373,0fadd797-f44c-46fc-9ddd-0e690bd9c858,294,Explore,,,,0,0,0,0,2025-12-31 10:59:44.715497,2025-12-31 10:59:44.715497,False,1,False,,,
24374,c15ef999-3d98-48a6-887e-d6fc58f337cf,294,Evaluate,,,,0,0,0,0,2025-12-31 10:59:44.715497,2025-12-31 10:59:44.715497,False,1,False,,,
24375,12a82c7b-789b-4e0d-b2cc-a87d5f8d6a9d,294,Engage,,,,0,0,0,0,2025-12-31 10:59:44.715497,2025-12-31 10:59:44.715497,False,1,False,,,
24376,72f9ebb5-f572-4f51-b741-a0610919f694,294,Engage,,,,0,0,0,0,2025-12-31 10:59:44.715497,2025-12-31 10:59:44.715497,False,1,False,,,
24377,3cda0f14-4d7f-4b0c-91e0-311d77cc5190,294,Specify,,,,0,0,0,0,2025-12-31 10:59:44.715497,2025-12-31 10:59:44.715497,False,1,False,,,
24378,8a2f70c9-8b98-4c9e-83f3-b0fd87ebfce1,294,Execute,,,,0,0,0,0,2025-12-31 10:59:44.715497,2025-12-31 10:59:44.715497,False,1,False,,,
24379,ea43faab-5206-4ec6-8ee6-52adf329b114,294,Execute,,,,0,0,0,0,2025-12-31 10:59:44.715497,2025-12-31 10:59:44.715497,False,1,False,,,
24380,69c77620-e713-4b8e-8352-80702e70f9d1,294,Evaluate,,,,0,0,0,0,2025-12-31 10:59:44.715497,2025-12-31 10:59:44.715497,False,1,False,,,
24381,eed9a55d-4367-40e7-92ac-8d785db0a515,294,Explore,,,,0,0,0,0,2025-12-31 10:59:44.715497,2025-12-31 10:59:44.715497,False,1,False,,,
24382,ec0ea882-08b3-47b9-9a9c-5c2c753fc57d,294,Explore,,,,0,0,0,0,2025-12-31 10:59:44.715497,2025-12-31 10:59:44.715497,False,1,False,,,
24383,49ab32cf-379d-42e2-9600-36da43e4cccf,294,Explore,,,,0,0,0,0,2025-12-31 10:59:44.715497,2025-12-31 10:59:44.715497,False,1,False,,,
24384,0ec20c33-73a1-4b67-ab3b-59907de82849,294,Explore,,,,0,0,0,0,2025-12-31 10:59:44.715497,2025-12-31 10:59:44.715497,False,1,False,,,
24385,cda5e6b2-16f8-4aa9-b47c-b3b3eade4281,294,Evaluate,,,,0,0,0,0,2025-12-31 10:59:44.715497,2025-12-31 10:59:44.715497,False,1,False,,,
24386,3d3621cc-7139-4f61-a26f-e179e987f4fa,294,Execute,,,,0,0,0,0,2025-12-31 10:59:44.715497,2025-12-31 10:59:44.715497,False,1,False,,,
24387,b7053655-7dfb-43ba-be12-bcb9f7c9ce67,294,Evaluate,,,,0,0,0,0,2025-12-31 10:59:44.715497,2025-12-31 10:59:44.715497,False,1,False,,,
24388,b5e1782a-7d03-4e9d-a3d3-4d0a89377e11,294,Execute,,,,0,0,0,0,2025-12-31 10:59:44.715497,2025-12-31 10:59:44.715497,False,1,False,,,
24389,5cbe193b-2931-476d-b4a6-9d6341b91b40,294,Specify,,,,0,0,0,0,2025-12-31 10:59:44.715497,2025-12-31 10:59:44.715497,False,1,False,,,
24390,42b4480d-e6bc-472e-9e7a-57392599e689,294,Engage,,,,0,0,0,0,2025-12-31 10:59:44.715497,2025-12-31 10:59:44.715497,False,1,False,,,
24391,c6b029e0-3e5b-41fc-b64c-13c9ebc864cf,294,Engage,,,,0,0,0,0,2025-12-31 10:59:44.715497,2025-12-31 10:59:44.715497,False,1,False,,,
24392,bc97dd86-f31a-4ba9-98bb-47472b32365f,294,Evaluate,,,,0,0,0,0,2025-12-31 10:59:44.715497,2025-12-31 10:59:44.715497,False,1,False,,,
24393,ff9ceb68-942d-4961-9e40-9431a95f34e1,294,Evaluate,,,,0,0,0,0,2025-12-31 10:59:44.715497,2025-12-31 10:59:44.715497,False,1,False,,,
24394,aa392026-c9c5-437e-90ea-7601231998ae,294,Engage,,,,0,0,0,0,2025-12-31 10:59:44.715497,2025-12-31 10:59:44.715497,False,1,False,,,
24395,1724aae1-a47d-4e57-a2b6-87423e5c4da7,294,Engage,,,,0,0,0,0,2025-12-31 10:59:44.715497,2025-12-31 10:59:44.715497,False,1,False,,,
24396,05eeb57f-03f4-468b-b06e-4fe72e652eb0,294,Execute,,,,0,0,0,0,2025-12-31 10:59:44.715497,2025-12-31 10:59:44.715497,False,1,False,,,
24397,ea4491d8-7430-4c62-a6d4-305b7ddee911,294,Specify,,,,0,0,0,0,2025-12-31 10:59:44.715497,2025-12-31 10:59:44.715497,False,1,False,,,
24398,177a7f79-0da3-4682-9ba6-d0c88181d384,294,Specify,,,,0,0,0,0,2025-12-31 10:59:44.715497,2025-12-31 10:59:44.715497,False,1,False,,,
24399,435ac82a-49ee-4a84-b07a-e73e8badb13a,294,Engage,,,,0,0,0,0,2025-12-31 10:59:44.715497,2025-12-31 10:59:44.715497,False,1,False,,,
24400,f3cf8b0e-89ee-4241-b332-a4d70d63fbe9,294,Evaluate,,,,0,0,0,0,2025-12-31 10:59:44.715497,2025-12-31 10:59:44.715497,False,1,False,,,
24401,dc9e4c27-e17b-45de-a7d3-b58fda7c5cad,294,Evaluate,,,,0,0,0,0,2025-12-31 10:59:44.715497,2025-12-31 10:59:44.715497,False,1,False,,,
24402,23314083-eb99-41bd-8097-3774c3ac09f7,294,Explore,,,,0,0,0,0,2025-12-31 10:59:44.715497,2025-12-31 10:59:44.715497,False,1,False,,,
24403,1778f5dd-4faa-4a9d-a865-580dd9f27592,294,Execute,,,,0,0,0,0,2025-12-31 10:59:44.715497,2025-12-31 10:59:44.715497,False,1,False,,,
24404,3b4a9bcf-8b48-4e05-89ae-34b9fd48e648,294,Engage,,,,0,0,0,0,2025-12-31 10:59:44.715497,2025-12-31 10:59:44.715497,False,1,False,,,
24405,7b277eac-71c2-4c02-8397-65fa4e49fdf0,294,Explore,,,,0,0,0,0,2025-12-31 10:59:44.715497,2025-12-31 10:59:44.715497,False,1,False,,,
24406,bdd73bee-b73e-4edb-87d4-cbab379b06b4,294,Engage,,,,0,0,0,0,2025-12-31 10:59:44.715497,2025-12-31 10:59:44.715497,False,1,False,,,
24407,45f2453c-a7cb-44b7-8251-56402737fcee,294,Execute,,,,0,0,0,0,2025-12-31 10:59:44.715497,2025-12-31 10:59:44.715497,False,1,False,,,
24408,3da929b2-edb2-4781-af09-6ab4b908d42a,294,Specify,,,,0,0,0,0,2025-12-31 10:59:44.715497,2025-12-31 10:59:44.715497,False,1,False,,,
24409,db44a1dc-f3e2-49c8-94e3-0913795ff69e,294,Engage,,,,0,0,0,0,2025-12-31 10:59:44.715497,2025-12-31 10:59:44.715497,False,1,False,,,
24410,2bf058eb-31ff-4462-87ac-ff453dceca0b,294,Explore,,,,0,0,0,0,2025-12-31 10:59:44.715497,2025-12-31 10:59:44.715497,False,1,False,,,
24411,51784016-c88b-44ed-bd4f-4c81855de894,294,Engage,,,,0,0,0,0,2025-12-31 10:59:44.715497,2025-12-31 10:59:44.715497,False,1,False,,,
24412,9e18d633-b92b-483c-8557-35ec0153bcf4,294,Evaluate,,,,0,0,0,0,2025-12-31 10:59:44.715497,2025-12-31 10:59:44.715497,False,1,False,,,
24413,3fc70eed-00da-4096-a221-d0e438fd8152,294,Engage,,,,0,0,0,0,2025-12-31 10:59:44.715497,2025-12-31 10:59:44.715497,False,1,False,,,
24414,249f09a4-fac0-4f5b-ac1a-ec767f2d38ca,294,stage1,,,,1,0,0,0,2025-12-31 10:59:44.715497,2025-12-31 10:59:44.715497,False,1,False,,,
24415,dc574582-6623-4b4f-b4bd-6c3ab35023a9,294,stage,,,,1,0,0,0,2025-12-31 10:59:44.715497,2025-12-31 10:59:44.715497,False,1,False,,,
24416,5951b812-cc44-4fde-a153-5fe2e2a1a9de,294,stage1,,,,1,0,0,0,2025-12-31 10:59:44.715497,2025-12-31 10:59:44.715497,False,1,False,,,
24417,68837734-e936-4f8a-b28e-6a8e37ea9dbf,294,stage1,,,,1,0,0,0,2025-12-31 10:59:44.715497,2025-12-31 10:59:44.715497,False,1,False,,,
24418,dc7c650f-397e-48f0-8be7-da734a559239,294,stage1,,,,1,0,0,0,2025-12-31 10:59:44.715497,2025-12-31 10:59:44.715497,False,1,False,,,
24419,dcd49950-7932-453c-9ab6-25e8522561d7,294,stage,,,,1,0,0,0,2025-12-31 10:59:44.715497,2025-12-31 10:59:44.715497,False,1,False,,,
24420,402c9fb2-e36b-480b-80c1-ef82217de971,294,stage1,,,,1,0,0,0,2025-12-31 10:59:44.715497,2025-12-31 10:59:44.715497,False,1,False,,,
24421,35c4eae7-862d-44c0-8190-325af8d922ba,294,stage1,,,,1,0,0,0,2025-12-31 10:59:44.715497,2025-12-31 10:59:44.715497,False,1,False,,,
24422,1bf39a87-7d65-4619-baff-1762ebcb77f8,294,stage,,,,1,0,0,0,2025-12-31 10:59:44.715497,2025-12-31 10:59:44.715497,False,1,False,,,
24423,4edec6db-e0e9-4af0-bc3e-4b702ab573ce,294,stage1,,,,1,0,0,0,2025-12-31 10:59:44.715497,2025-12-31 10:59:44.715497,False,1,False,,,
24424,7c352a73-c16d-4e86-9396-f1d92e259aed,294,stage1,,,,1,0,0,0,2025-12-31 10:59:44.715497,2025-12-31 10:59:44.715497,False,1,False,,,
24425,fdb1f53a-5a37-4484-848c-adb7ab98eecb,294,stage,,,,1,0,0,0,2025-12-31 10:59:44.715497,2025-12-31 10:59:44.715497,False,1,False,,,
24426,d6d4cc49-230e-41ac-adcb-24afeca36c46,296,status,,,,,0,0,0,2025-12-31 10:59:44.715497,2025-12-31 10:59:44.715497,False,1,False,,,
24427,1e022195-087d-4c88-b2ff-06be55ffbca5,296,Completed,,,,,0,0,0,2025-12-31 10:59:44.715497,2025-12-31 10:59:44.715497,False,1,False,,,
24428,57d8bfba-b31c-4c81-a482-e53f76302f93,296,In Progress,,,,,0,0,0,2025-12-31 10:59:44.715497,2025-12-31 10:59:44.715497,False,1,False,,,
24429,836c5913-7ed3-4919-9289-97537aefa63d,296,Incomplete,,,,,0,0,0,2025-12-31 10:59:44.715497,2025-12-31 10:59:44.715497,False,1,False,,,
24430,14357422-788e-4c22-ab92-f623037dd2b6,296,new,,,,,0,0,0,2025-12-31 10:59:44.715497,2025-12-31 10:59:44.715497,False,1,False,,,
24431,3e7d2d52-491b-4d66-8dfd-4aa268c6729e,426,MULTIPURPOSE PASSENGER VEHICLE (MPV),,MULTIPURPOSE PASSENGER VEHICLE (MPV),,,0,0,0,2025-12-31 13:12:31.162307,2025-12-31 13:12:31.162307,True,1,False,,,
24432,be8a52c3-ef2b-4d54-9748-4d426f176b5d,426,PASSENGER CAR,,PASSENGER CAR,,,0,0,0,2026-01-05 20:23:38.883551,2026-01-05 20:23:38.883551,True,1,False,,,
24433,4a3cde2e-70ef-4ffa-9f53-edce9c82f35c,470,Nonprofit Report,,nonprofit_report,,,0,0,0,2026-01-09 09:19:12.671163,2026-01-09 09:19:12.671163,False,1,False,,,
24434,b970a9ea-d762-49c5-a1da-dccfd03bf636,471,Top Auction House,,top_auction_house,,,0,0,0,2026-01-09 09:21:19.583517,2026-01-09 09:21:19.583517,False,1,False,,,
24435,faf8dd38-996b-4ff4-a7cf-83848655d376,426,INCOMPLETE VEHICLE,,INCOMPLETE VEHICLE,,,0,0,0,2026-01-10 06:34:50.42981,2026-01-10 06:34:50.42981,True,1,False,,,
24436,d035ae95-2ff9-4bb8-97cd-fd060bb73784,290,Public Media - TV,,,,,0,0,0,2026-01-11 08:00:53.741307,2026-01-11 08:00:53.741307,True,1,False,,,
24437,a31b8cd5-7634-4224-9e8a-4afc1bd4a98a,291,Reallocate Callback,,REALLOCATE_CALLBACK,,,0,0,0,,,True,1,False,,,False
24438,7a281e2a-5816-4921-ba31-9c572a545006,470,Top Nonprofit,,top_nonprofit,,,0,0,0,2026-01-13 05:35:43.406579,2026-01-13 05:35:43.406579,False,0,False,,,
24439,a2664dc3-fe5e-4c2e-a350-1b6f780c945f,470,Donations By Month,,donations_by_month,,,0,0,0,2026-01-13 05:35:43.406579,2026-01-13 05:35:43.406579,False,0,False,,,
24440,3359a8b8-490f-45c7-8d91-0aa693b58a2a,470,Donation By Nonprofit,,donation_by_nonprofit,,,0,0,0,2026-01-13 05:35:43.406579,2026-01-13 05:35:43.406579,False,0,False,,,
24441,960b2446-fdea-48d9-91e6-1d6feb749f79,470,Losses By Month,,losses_by_month,,,0,0,0,2026-01-13 05:35:43.406579,2026-01-13 05:35:43.406579,False,0,False,,,
24442,6e9850ad-d717-4164-9b4d-234ae6eedb2d,470,Donation By Source,,donation_by_source,,,0,0,0,2026-01-13 05:35:43.406579,2026-01-13 05:35:43.406579,False,0,False,,,
24443,071803ff-da6c-4fd3-a6e2-c6f93c2738e4,470,Nonprofit By Category,,nonprofit_by_category,,,0,0,0,2026-01-13 05:35:43.406579,2026-01-13 05:35:43.406579,False,0,False,,,
24444,93cba46b-b6c9-46f5-bbcf-63f6a535ea56,470,Donation By Referrer,,donation_by_referrer,,,0,0,0,2026-01-13 05:35:43.406579,2026-01-13 05:35:43.406579,False,0,False,,,
24445,94ae5f3c-820b-418d-b931-cfd67ca331d5,452,Chopper,,,,,0,0,0,2026-01-13 12:04:07.583605,2026-01-13 12:04:07.583605,False,1,False,,,
24446,d4f56b63-52fe-493f-97f9-0450833d88b4,303,Maharashtra,,,,,0,0,0,2026-01-13 16:02:56.253065,2026-01-13 16:02:56.253065,True,1,False,,,
24447,9281b473-41d5-4e57-bad6-452d6032cc83,302,Dominican Republic,,,,,0,0,0,2026-01-13 16:06:29.320617,2026-01-13 16:06:29.320617,True,1,False,,,
24448,b6aa823b-3e82-498f-993a-0b24b4c151c7,302,South Africa,,,,,0,0,0,2026-01-13 16:14:02.264665,2026-01-13 16:14:02.264665,True,1,False,,,
24449,3fb539c5-41cb-490f-91de-4b5b37c3d10c,452,Dual-Sport,,,,,0,0,0,2026-01-15 20:07:25.671499,2026-01-15 20:07:25.671499,False,1,False,,,
24450,a2cb7ebf-217d-4069-81f3-787cf1bfd7ce,452,Utility,,,,,0,0,0,2026-01-16 14:13:08.692595,2026-01-16 14:13:08.692595,False,1,False,,,
24451,2b7b4c16-92f6-44dc-92cf-27101a66e871,391,Invalid Phone,,,,,0,0,0,2026-01-20 07:08:09.668992,2026-01-20 07:08:09.668992,False,0,False,,,
24452,9eae42e9-181e-4b1b-91ed-2c05765105d5,426,LOW SPEED VEHICLE (LSV),,LOW SPEED VEHICLE (LSV),,,0,0,0,2026-01-22 07:56:26.244129,2026-01-22 07:56:26.244129,True,1,False,,,
24453,80f836a2-23ee-44d0-836b-08a5238c8263,452,Trike,,,,,0,0,0,2026-01-26 10:52:20.704684,2026-01-26 10:52:20.704684,False,1,False,,,
24454,78e96c61-ed4e-4837-9e03-d193550e2aae,303,Armed Forces,AE,,13710,0,,0,0,2017-09-26 06:10:00.94063,2017-09-26 06:10:00.94063,True,1,False,,,
24455,a4de152a-af97-48f0-b2a0-0136d03aa7ab,303,Armed Forces America,AA,,13710,0,,0,0,2017-09-26 06:10:14.148077,2017-09-26 06:10:14.148077,True,1,False,,,
24456,8076d1c2-9c03-4c7e-8dea-f8a815494c11,303,Armed Forces Pacific,AP,,13710,0,,0,0,2017-09-26 06:10:07.437381,2017-09-26 06:10:07.437381,True,1,False,,,
24457,17fde354-d57c-4c1d-a66d-be68b27d306b,291,Vehicle Deleted,VEHICLE_DELETED,VEHICLE_DELETED,,0,0,1,0,2026-01-28 04:36:26.518593,2026-01-28 04:36:26.518593,False,1,False,,,False
24458,b5fcfd82-4607-4ef9-b743-ece5c1f1e7b9,414,Insurance Policy,INSURANCE_POLICY,INSURANCE_POLICY,,0,1,0,0,2026-02-19 00:34:08.959634,2026-02-19 00:34:08.959634,False,1,False,,,False
24459,a639d041-a5e0-48ef-b34f-3055bb318ebd,426,OFF ROAD VEHICLE,,OFF ROAD VEHICLE,,,0,0,0,2026-02-23 06:25:52.34097,2026-02-23 06:25:52.34097,True,1,False,,,
24460,22f6170f-31bc-480a-b310-77695131d489,452,Cab Over Engine,,,,,0,0,0,2026-02-27 10:52:45.117707,2026-02-27 10:52:45.117707,False,1,False,,,
24461,4c969196-a2fa-4a26-923d-013a2db6f224,452,Off-Road,,,,,0,0,0,2026-03-04 16:00:06.565937,2026-03-04 16:00:06.565937,False,1,False,,,
24462,95e4a5ff-f92d-49bc-b317-42c9ccec1eab,452,School,,,,,0,0,0,2026-03-18 08:33:26.068094,2026-03-18 08:33:26.068094,False,1,False,,,
24463,7444e2b0-70a9-443b-afcb-08687c77f148,452,Youth,,,,,0,0,0,2026-04-03 12:21:46.533141,2026-04-03 12:21:46.533141,False,1,False,,,
24464,1a29bb98-0846-4874-a6ab-ba74321f3dbc,472,Rush Pickup,,RUSH_PICKUP,,,0,0,0,2026-04-22 04:24:19.763666,2026-04-22 04:24:19.763666,False,1,False,,,
24465,3d67102f-3ae8-4925-9085-db41fc342f83,472,Confirm Pickup,,CONFIRM_PICKUP,,,0,0,0,2026-04-22 04:24:19.763666,2026-04-22 04:24:19.763666,False,1,False,,,
24466,a06ac555-d6b3-43ed-824a-17e4ed19980b,472,Buyer Information,,BUYER_INFORMATION,,,0,0,0,2026-04-22 04:24:19.763666,2026-04-22 04:24:19.763666,False,0,False,,,
24467,82f1148a-afc7-4ddb-8f1b-70a66c93569a,472,Missed Pickup / Scheduling Follow-Up,,MISSED_PICKUP,,,0,0,0,2026-04-22 04:24:19.763666,2026-04-22 04:24:19.763666,False,1,False,,,
24468,32f64b86-c224-4970-980d-e3781a512e08,303,CANADA,,,,,0,0,0,2026-04-27 13:15:54.743778,2026-04-27 13:15:54.743778,False,1,False,,,
24469,bd63d2b5-3395-40d4-b7e1-614819bf2e11,452,Reverse-Trike,,,,,0,0,0,2026-05-04 08:05:52.388646,2026-05-04 08:05:52.388646,False,1,False,,,
24470,2bc97942-0213-4fbf-b300-8bf3d22fb49f,473,Keep New Close Old,,keep_new_callback,,,0,0,0,2026-05-14 03:24:18.331964,2026-05-14 03:24:18.331964,False,1,False,,,
24471,702c3808-8103-4e1a-9d64-87ac1e5d855c,473,Keep Old,,keep_old_callback,,,0,0,0,2026-05-14 03:24:18.331964,2026-05-14 03:24:18.331964,False,1,False,,,
24472,247d3fc5-b2e7-4412-ab0f-0ea4df35840a,291,Callback Note,CALLBACK_NOTE,CALLBACK_NOTE,,0,0,1,0,2026-05-14 03:28:26.670104,2026-05-14 03:28:26.670104,False,1,False,,,False
24473,fc2396d0-a846-4e45-847f-1ded717d4100,452,Trail,,,,,0,0,0,2026-06-06 09:45:27.907496,2026-06-06 09:45:27.907496,False,1,False,,,
24474,f5f24615-fe48-41e7-9c7d-43a0b6ea51b6,452,Mountain,,,,,0,0,0,2026-06-21 14:20:14.727953,2026-06-21 14:20:14.727953,False,1,False,,,
24475,9147f3f5-379e-4574-956f-1e039004f0ca,474,Automation Creation,AUTOMATION_CREATION,AUTOMATION_CREATION,,1,0,0,0,2026-06-23 03:22:03.182948,2026-06-23 03:22:03.182948,True,1,False,,,
24476,c67d2662-da52-43b3-9417-0f84e942a6f5,474,Automation Update,AUTOMATION_UPDATE,AUTOMATION_UPDATE,,2,0,0,0,2026-06-23 03:22:03.182948,2026-06-23 03:22:03.182948,True,1,False,,,
24477,3c016896-0318-48f4-bb6c-fce1dec8d0c8,474,Automation Delete,AUTOMATION_DELETE,AUTOMATION_DELETE,,3,0,0,0,2026-06-23 03:22:03.182948,2026-06-23 03:22:03.182948,True,1,False,,,
24478,81def372-f23e-4cd7-9611-494189fa6977,474,Action Creation,ACTION_CREATION,ACTION_CREATION,,4,0,0,0,2026-06-23 03:22:03.182948,2026-06-23 03:22:03.182948,True,1,False,,,
24479,70550c36-7b79-4e63-8356-42d4812f4036,474,Action Update,ACTION_UPDATE,ACTION_UPDATE,,5,0,0,0,2026-06-23 03:22:03.182948,2026-06-23 03:22:03.182948,True,1,False,,,
24480,763e748b-e0f8-497a-8015-64dc8878eba7,474,Action Delete,ACTION_DELETE,ACTION_DELETE,,6,0,0,0,2026-06-23 03:22:03.182948,2026-06-23 03:22:03.182948,True,1,False,,,
24481,249c5457-88bf-4970-bf08-068ce15035b3,452,Step Van,,,,,0,0,0,2026-07-06 22:33:57.937242,2026-07-06 22:33:57.937242,False,1,False,,,
